"FileName","Type","Path","Status","Notes","Critical"
"SecureUpload.tsx","UI Component","D:\cbtc-final\cbtc-lms\app\admin\audit\components\components\components\mobile\SecureUpload.tsx","OK","","False"
"SecureUpload.tsx","UI Component","D:\cbtc-final\cbtc-lms\app\admin\audit\components\components\mobile\SecureUpload.tsx","OK","","False"
"SecureUpload.tsx","UI Component","D:\cbtc-final\cbtc-lms\app\admin\audit\components\mobile\SecureUpload.tsx","OK","","False"
"SecureUpload.tsx","UI Component","D:\cbtc-final\cbtc-lms\app\admin\audit\readiness\components\components\components\mobile\SecureUpload.tsx","OK","","False"
"SecureUpload.tsx","UI Component","D:\cbtc-final\cbtc-lms\app\admin\audit\readiness\components\components\mobile\SecureUpload.tsx","OK","","False"
"SecureUpload.tsx","UI Component","D:\cbtc-final\cbtc-lms\app\admin\audit\readiness\components\mobile\SecureUpload.tsx","OK","","False"
"page.tsx","UI Component","D:\cbtc-final\cbtc-lms\app\admin\audit\readiness\page.tsx","OK","","False"
"page.tsx","UI Component","D:\cbtc-final\cbtc-lms\app\admin\audit\page.tsx","OK","","False"
"GodModeGuard.tsx","UI Component","D:\cbtc-final\cbtc-lms\app\admin\components\auth\GodModeGuard.tsx","OK","","False"
"SecureUpload.tsx","UI Component","D:\cbtc-final\cbtc-lms\app\admin\components\components\components\mobile\SecureUpload.tsx","OK","","False"
"SecureUpload.tsx","UI Component","D:\cbtc-final\cbtc-lms\app\admin\components\components\mobile\SecureUpload.tsx","OK","","False"
"admindashboard.tsx","UI Component","D:\cbtc-final\cbtc-lms\app\admin\components\dashboard\admindashboard.tsx","OK","","False"
"SecureUpload.tsx","UI Component","D:\cbtc-final\cbtc-lms\app\admin\components\mobile\SecureUpload.tsx","OK","","False"
"Sidebar.tsx","UI Component","D:\cbtc-final\cbtc-lms\app\admin\components\Sidebar.tsx","OK","","False"
"SecureUpload.tsx","UI Component","D:\cbtc-final\cbtc-lms\app\admin\courses\components\components\components\mobile\SecureUpload.tsx","OK","","False"
"SecureUpload.tsx","UI Component","D:\cbtc-final\cbtc-lms\app\admin\courses\components\components\mobile\SecureUpload.tsx","OK","","False"
"SecureUpload.tsx","UI Component","D:\cbtc-final\cbtc-lms\app\admin\courses\components\mobile\SecureUpload.tsx","OK","","False"
"Sidebar.tsx","UI Component","D:\cbtc-final\cbtc-lms\app\admin\courses\components\Sidebar.tsx","OK","","False"
"SecureUpload.tsx","UI Component","D:\cbtc-final\cbtc-lms\app\admin\courses\inspect\components\components\components\mobile\SecureUpload.tsx","OK","","False"
"SecureUpload.tsx","UI Component","D:\cbtc-final\cbtc-lms\app\admin\courses\inspect\components\components\mobile\SecureUpload.tsx","OK","","False"
"SecureUpload.tsx","UI Component","D:\cbtc-final\cbtc-lms\app\admin\courses\inspect\components\mobile\SecureUpload.tsx","OK","","False"
"page.tsx","UI Component","D:\cbtc-final\cbtc-lms\app\admin\courses\inspect\page.tsx","OK","","False"
"page.tsx","UI Component","D:\cbtc-final\cbtc-lms\app\admin\courses\page.tsx","OK","","False"
"AdminDashboard.tsx","UI Component","D:\cbtc-final\cbtc-lms\app\admin\dashboard\components\components\components\components\AdminDashboard.tsx","OK","","False"
"AdminDashboard.tsx","UI Component","D:\cbtc-final\cbtc-lms\app\admin\dashboard\components\components\components\mobile\components\AdminDashboard.tsx","OK","","False"
"SecureUpload.tsx","UI Component","D:\cbtc-final\cbtc-lms\app\admin\dashboard\components\components\components\mobile\SecureUpload.tsx","OK","","False"
"AdminDashboard.tsx","UI Component","D:\cbtc-final\cbtc-lms\app\admin\dashboard\components\components\components\portal\components\AdminDashboard.tsx","OK","","False"
"AdminDashboard.tsx","UI Component","D:\cbtc-final\cbtc-lms\app\admin\dashboard\components\components\components\AdminDashboard.tsx","OK","","False"
"AdminDashboard.tsx","UI Component","D:\cbtc-final\cbtc-lms\app\admin\dashboard\components\components\mobile\components\AdminDashboard.tsx","OK","","False"
"SecureUpload.tsx","UI Component","D:\cbtc-final\cbtc-lms\app\admin\dashboard\components\components\mobile\SecureUpload.tsx","OK","","False"
"AdminDashboard.tsx","UI Component","D:\cbtc-final\cbtc-lms\app\admin\dashboard\components\components\portal\components\AdminDashboard.tsx","OK","","False"
"AdminDashboard.tsx","UI Component","D:\cbtc-final\cbtc-lms\app\admin\dashboard\components\components\AdminDashboard.tsx","OK","","False"
"AdminDashboard.tsx","UI Component","D:\cbtc-final\cbtc-lms\app\admin\dashboard\components\mobile\components\AdminDashboard.tsx","OK","","False"
"SecureUpload.tsx","UI Component","D:\cbtc-final\cbtc-lms\app\admin\dashboard\components\mobile\SecureUpload.tsx","OK","","False"
"AdminDashboard.tsx","UI Component","D:\cbtc-final\cbtc-lms\app\admin\dashboard\components\portal\components\AdminDashboard.tsx","OK","","False"
"AdminDashboard.tsx","UI Component","D:\cbtc-final\cbtc-lms\app\admin\dashboard\components\AdminDashboard.tsx","OK","","False"
"page.tsx","UI Component","D:\cbtc-final\cbtc-lms\app\admin\dashboard\page.tsx","OK","","False"
"SecureUpload.tsx","UI Component","D:\cbtc-final\cbtc-lms\app\admin\integrity\components\components\components\mobile\SecureUpload.tsx","OK","","False"
"SecureUpload.tsx","UI Component","D:\cbtc-final\cbtc-lms\app\admin\integrity\components\components\mobile\SecureUpload.tsx","OK","","False"
"SecureUpload.tsx","UI Component","D:\cbtc-final\cbtc-lms\app\admin\integrity\components\mobile\SecureUpload.tsx","OK","","False"
"page.tsx","UI Component","D:\cbtc-final\cbtc-lms\app\admin\integrity\page.tsx","OK","","False"
"Sidebar.tsx","UI Component","D:\cbtc-final\cbtc-lms\app\admin\student\components\components\components\components\Sidebar.tsx","OK","","False"
"Sidebar.tsx","UI Component","D:\cbtc-final\cbtc-lms\app\admin\student\components\components\components\mobile\components\Sidebar.tsx","OK","","False"
"SecureUpload.tsx","UI Component","D:\cbtc-final\cbtc-lms\app\admin\student\components\components\components\mobile\SecureUpload.tsx","OK","","False"
"Sidebar.tsx","UI Component","D:\cbtc-final\cbtc-lms\app\admin\student\components\components\components\portal\components\Sidebar.tsx","OK","","False"
"Sidebar.tsx","UI Component","D:\cbtc-final\cbtc-lms\app\admin\student\components\components\components\Sidebar.tsx","OK","","False"
"Sidebar.tsx","UI Component","D:\cbtc-final\cbtc-lms\app\admin\student\components\components\mobile\components\Sidebar.tsx","OK","","False"
"SecureUpload.tsx","UI Component","D:\cbtc-final\cbtc-lms\app\admin\student\components\components\mobile\SecureUpload.tsx","OK","","False"
"Sidebar.tsx","UI Component","D:\cbtc-final\cbtc-lms\app\admin\student\components\components\portal\components\Sidebar.tsx","OK","","False"
"Sidebar.tsx","UI Component","D:\cbtc-final\cbtc-lms\app\admin\student\components\components\Sidebar.tsx","OK","","False"
"Sidebar.tsx","UI Component","D:\cbtc-final\cbtc-lms\app\admin\student\components\mobile\components\Sidebar.tsx","OK","","False"
"SecureUpload.tsx","UI Component","D:\cbtc-final\cbtc-lms\app\admin\student\components\mobile\SecureUpload.tsx","OK","","False"
"Sidebar.tsx","UI Component","D:\cbtc-final\cbtc-lms\app\admin\student\components\portal\components\Sidebar.tsx","OK","","False"
"Sidebar.tsx","UI Component","D:\cbtc-final\cbtc-lms\app\admin\student\components\Sidebar.tsx","OK","","False"
"page.tsx","UI Component","D:\cbtc-final\cbtc-lms\app\admin\student\page.tsx","OK","","False"
"page.tsx","UI Component","D:\cbtc-final\cbtc-lms\app\admin\page.tsx","OK","","False"
"SecureUpload.tsx","UI Component","D:\cbtc-final\cbtc-lms\app\api\admin\components\components\components\mobile\SecureUpload.tsx","OK","","False"
"SecureUpload.tsx","UI Component","D:\cbtc-final\cbtc-lms\app\api\admin\components\components\mobile\SecureUpload.tsx","OK","","False"
"SecureUpload.tsx","UI Component","D:\cbtc-final\cbtc-lms\app\api\admin\components\mobile\SecureUpload.tsx","OK","","False"
"SecureUpload.tsx","UI Component","D:\cbtc-final\cbtc-lms\app\api\admin\export-compliance\components\components\components\mobile\SecureUpload.tsx","OK","","False"
"SecureUpload.tsx","UI Component","D:\cbtc-final\cbtc-lms\app\api\admin\export-compliance\components\components\mobile\SecureUpload.tsx","OK","","False"
"SecureUpload.tsx","UI Component","D:\cbtc-final\cbtc-lms\app\api\admin\export-compliance\components\mobile\SecureUpload.tsx","OK","","False"
"supabase.ts","UI Component","D:\cbtc-final\cbtc-lms\app\api\admin\export-compliance\lib\supabase.ts","OK","","False"
"route.ts","UI Component","D:\cbtc-final\cbtc-lms\app\api\admin\export-compliance\route.ts","OK","","False"
"SecureUpload.tsx","UI Component","D:\cbtc-final\cbtc-lms\app\api\admin\export-friction\components\components\components\mobile\SecureUpload.tsx","OK","","False"
"SecureUpload.tsx","UI Component","D:\cbtc-final\cbtc-lms\app\api\admin\export-friction\components\components\mobile\SecureUpload.tsx","OK","","False"
"SecureUpload.tsx","UI Component","D:\cbtc-final\cbtc-lms\app\api\admin\export-friction\components\mobile\SecureUpload.tsx","OK","","False"
"supabase.ts","UI Component","D:\cbtc-final\cbtc-lms\app\api\admin\export-friction\lib\supabase.ts","OK","","False"
"route.ts","UI Component","D:\cbtc-final\cbtc-lms\app\api\admin\export-friction\route.ts","OK","","False"
"Sidebar.tsx","UI Component","D:\cbtc-final\cbtc-lms\app\api\admin\student\components\components\components\components\Sidebar.tsx","OK","","False"
"Sidebar.tsx","UI Component","D:\cbtc-final\cbtc-lms\app\api\admin\student\components\components\components\mobile\components\Sidebar.tsx","OK","","False"
"SecureUpload.tsx","UI Component","D:\cbtc-final\cbtc-lms\app\api\admin\student\components\components\components\mobile\SecureUpload.tsx","OK","","False"
"Sidebar.tsx","UI Component","D:\cbtc-final\cbtc-lms\app\api\admin\student\components\components\components\portal\components\Sidebar.tsx","OK","","False"
"Sidebar.tsx","UI Component","D:\cbtc-final\cbtc-lms\app\api\admin\student\components\components\components\Sidebar.tsx","OK","","False"
"Sidebar.tsx","UI Component","D:\cbtc-final\cbtc-lms\app\api\admin\student\components\components\mobile\components\Sidebar.tsx","OK","","False"
"SecureUpload.tsx","UI Component","D:\cbtc-final\cbtc-lms\app\api\admin\student\components\components\mobile\SecureUpload.tsx","OK","","False"
"Sidebar.tsx","UI Component","D:\cbtc-final\cbtc-lms\app\api\admin\student\components\components\portal\components\Sidebar.tsx","OK","","False"
"Sidebar.tsx","UI Component","D:\cbtc-final\cbtc-lms\app\api\admin\student\components\components\Sidebar.tsx","OK","","False"
"Sidebar.tsx","UI Component","D:\cbtc-final\cbtc-lms\app\api\admin\student\components\mobile\components\Sidebar.tsx","OK","","False"
"SecureUpload.tsx","UI Component","D:\cbtc-final\cbtc-lms\app\api\admin\student\components\mobile\SecureUpload.tsx","OK","","False"
"Sidebar.tsx","UI Component","D:\cbtc-final\cbtc-lms\app\api\admin\student\components\portal\components\Sidebar.tsx","OK","","False"
"Sidebar.tsx","UI Component","D:\cbtc-final\cbtc-lms\app\api\admin\student\components\Sidebar.tsx","OK","","False"
"route.ts","UI Component","D:\cbtc-final\cbtc-lms\app\api\admin\student\route.ts","OK","","False"
"route.ts","UI Component","D:\cbtc-final\cbtc-lms\app\api\admin\route.ts","OK","","False"
"SecureUpload.tsx","UI Component","D:\cbtc-final\cbtc-lms\app\api\analytics\components\components\components\mobile\SecureUpload.tsx","OK","","False"
"SecureUpload.tsx","UI Component","D:\cbtc-final\cbtc-lms\app\api\analytics\components\components\mobile\SecureUpload.tsx","OK","","False"
"SecureUpload.tsx","UI Component","D:\cbtc-final\cbtc-lms\app\api\analytics\components\mobile\SecureUpload.tsx","OK","","False"
"SecureUpload.tsx","UI Component","D:\cbtc-final\cbtc-lms\app\api\analytics\friction\components\components\components\mobile\SecureUpload.tsx","OK","","False"
"SecureUpload.tsx","UI Component","D:\cbtc-final\cbtc-lms\app\api\analytics\friction\components\components\mobile\SecureUpload.tsx","OK","","False"
"SecureUpload.tsx","UI Component","D:\cbtc-final\cbtc-lms\app\api\analytics\friction\components\mobile\SecureUpload.tsx","OK","","False"
"route.ts","UI Component","D:\cbtc-final\cbtc-lms\app\api\analytics\friction\route.ts","OK","","False"
"routes.ts","UI Component","D:\cbtc-final\cbtc-lms\app\api\analytics\friction\routes.ts","OK","","False"
"route.ts","UI Component","D:\cbtc-final\cbtc-lms\app\api\analytics\route.ts","OK","","False"
"SecureUpload.tsx","UI Component","D:\cbtc-final\cbtc-lms\app\api\analyze-assessment\components\components\components\mobile\SecureUpload.tsx","OK","","False"
"SecureUpload.tsx","UI Component","D:\cbtc-final\cbtc-lms\app\api\analyze-assessment\components\components\mobile\SecureUpload.tsx","OK","","False"
"SecureUpload.tsx","UI Component","D:\cbtc-final\cbtc-lms\app\api\analyze-assessment\components\mobile\SecureUpload.tsx","OK","","False"
"server.ts","UI Component","D:\cbtc-final\cbtc-lms\app\api\analyze-assessment\utils\supabase\server.ts","OK","","False"
"route.ts","UI Component","D:\cbtc-final\cbtc-lms\app\api\analyze-assessment\route.ts","OK","","False"
"SecureUpload.tsx","UI Component","D:\cbtc-final\cbtc-lms\app\api\analyze-handwriting\components\components\components\mobile\SecureUpload.tsx","OK","","False"
"SecureUpload.tsx","UI Component","D:\cbtc-final\cbtc-lms\app\api\analyze-handwriting\components\components\mobile\SecureUpload.tsx","OK","","False"
"SecureUpload.tsx","UI Component","D:\cbtc-final\cbtc-lms\app\api\analyze-handwriting\components\mobile\SecureUpload.tsx","OK","","False"
"route.ts","UI Component","D:\cbtc-final\cbtc-lms\app\api\analyze-handwriting\route.ts","OK","","False"
"supabase.ts","UI Component","D:\cbtc-final\cbtc-lms\app\api\assessment\analyze\lib\supabase.ts","OK","","False"
"route.ts","UI Component","D:\cbtc-final\cbtc-lms\app\api\assessment\analyze\route.ts","OK","","False"
"route.ts","UI Component","D:\cbtc-final\cbtc-lms\app\api\assessment\route.ts","OK","","False"
"SecureUpload.tsx","UI Component","D:\cbtc-final\cbtc-lms\app\api\auth\components\components\components\mobile\SecureUpload.tsx","OK","","False"
"SecureUpload.tsx","UI Component","D:\cbtc-final\cbtc-lms\app\api\auth\components\components\mobile\SecureUpload.tsx","OK","","False"
"SecureUpload.tsx","UI Component","D:\cbtc-final\cbtc-lms\app\api\auth\components\mobile\SecureUpload.tsx","OK","","False"
"SecureUpload.tsx","UI Component","D:\cbtc-final\cbtc-lms\app\api\auth\login\components\components\components\mobile\SecureUpload.tsx","OK","","False"
"SecureUpload.tsx","UI Component","D:\cbtc-final\cbtc-lms\app\api\auth\login\components\components\mobile\SecureUpload.tsx","OK","","False"
"SecureUpload.tsx","UI Component","D:\cbtc-final\cbtc-lms\app\api\auth\login\components\mobile\SecureUpload.tsx","OK","","False"
"route.ts","UI Component","D:\cbtc-final\cbtc-lms\app\api\auth\login\route.ts","Issues Found",".\/lib/supabase-server","True"
"SecureUpload.tsx","UI Component","D:\cbtc-final\cbtc-lms\app\api\auth\register\components\components\components\mobile\SecureUpload.tsx","OK","","False"
"SecureUpload.tsx","UI Component","D:\cbtc-final\cbtc-lms\app\api\auth\register\components\components\mobile\SecureUpload.tsx","OK","","False"
"SecureUpload.tsx","UI Component","D:\cbtc-final\cbtc-lms\app\api\auth\register\components\mobile\SecureUpload.tsx","OK","","False"
"route.ts","UI Component","D:\cbtc-final\cbtc-lms\app\api\auth\register\route.ts","Issues Found",".\/lib/supabase","True"
"route.ts","UI Component","D:\cbtc-final\cbtc-lms\app\api\auth\route.ts","OK","","False"
"SecureUpload.tsx","UI Component","D:\cbtc-final\cbtc-lms\app\api\bulk-inflate\components\components\components\mobile\SecureUpload.tsx","OK","","False"
"SecureUpload.tsx","UI Component","D:\cbtc-final\cbtc-lms\app\api\bulk-inflate\components\components\mobile\SecureUpload.tsx","OK","","False"
"SecureUpload.tsx","UI Component","D:\cbtc-final\cbtc-lms\app\api\bulk-inflate\components\mobile\SecureUpload.tsx","OK","","False"
"route.ts","UI Component","D:\cbtc-final\cbtc-lms\app\api\bulk-inflate\route.ts","OK","","False"
"SecureUpload.tsx","UI Component","D:\cbtc-final\cbtc-lms\app\api\courses\components\components\components\mobile\SecureUpload.tsx","OK","","False"
"SecureUpload.tsx","UI Component","D:\cbtc-final\cbtc-lms\app\api\courses\components\components\mobile\SecureUpload.tsx","OK","","False"
"SecureUpload.tsx","UI Component","D:\cbtc-final\cbtc-lms\app\api\courses\components\mobile\SecureUpload.tsx","OK","","False"
"route.ts","UI Component","D:\cbtc-final\cbtc-lms\app\api\courses\route.ts","Issues Found",".\/lib/supabase","True"
"SecureUpload.tsx","UI Component","D:\cbtc-final\cbtc-lms\app\api\dashboard-metrics\components\components\components\mobile\SecureUpload.tsx","OK","","False"
"SecureUpload.tsx","UI Component","D:\cbtc-final\cbtc-lms\app\api\dashboard-metrics\components\components\mobile\SecureUpload.tsx","OK","","False"
"SecureUpload.tsx","UI Component","D:\cbtc-final\cbtc-lms\app\api\dashboard-metrics\components\mobile\SecureUpload.tsx","OK","","False"
"route.ts","UI Component","D:\cbtc-final\cbtc-lms\app\api\dashboard-metrics\route.ts","OK","","False"
"routes.ts","UI Component","D:\cbtc-final\cbtc-lms\app\api\dashboard-metrics\routes.ts","OK","","False"
"SecureUpload.tsx","UI Component","D:\cbtc-final\cbtc-lms\app\api\debug\components\components\components\mobile\SecureUpload.tsx","OK","","False"
"SecureUpload.tsx","UI Component","D:\cbtc-final\cbtc-lms\app\api\debug\components\components\mobile\SecureUpload.tsx","OK","","False"
"SecureUpload.tsx","UI Component","D:\cbtc-final\cbtc-lms\app\api\debug\components\mobile\SecureUpload.tsx","OK","","False"
"SecureUpload.tsx","UI Component","D:\cbtc-final\cbtc-lms\app\api\debug\final-audit\components\components\components\mobile\SecureUpload.tsx","OK","","False"
"SecureUpload.tsx","UI Component","D:\cbtc-final\cbtc-lms\app\api\debug\final-audit\components\components\mobile\SecureUpload.tsx","OK","","False"
"SecureUpload.tsx","UI Component","D:\cbtc-final\cbtc-lms\app\api\debug\final-audit\components\mobile\SecureUpload.tsx","OK","","False"
"route.ts","UI Component","D:\cbtc-final\cbtc-lms\app\api\debug\final-audit\route.ts","Issues Found",".\/lib/supabase","True"
"SecureUpload.tsx","UI Component","D:\cbtc-final\cbtc-lms\app\api\debug\full-audit\components\components\components\mobile\SecureUpload.tsx","OK","","False"
"SecureUpload.tsx","UI Component","D:\cbtc-final\cbtc-lms\app\api\debug\full-audit\components\components\mobile\SecureUpload.tsx","OK","","False"
"SecureUpload.tsx","UI Component","D:\cbtc-final\cbtc-lms\app\api\debug\full-audit\components\mobile\SecureUpload.tsx","OK","","False"
"route.ts","UI Component","D:\cbtc-final\cbtc-lms\app\api\debug\full-audit\route.ts","Issues Found",".\/lib/supabase","True"
"SecureUpload.tsx","UI Component","D:\cbtc-final\cbtc-lms\app\api\debug\health-check\components\components\components\mobile\SecureUpload.tsx","OK","","False"
"SecureUpload.tsx","UI Component","D:\cbtc-final\cbtc-lms\app\api\debug\health-check\components\components\mobile\SecureUpload.tsx","OK","","False"
"SecureUpload.tsx","UI Component","D:\cbtc-final\cbtc-lms\app\api\debug\health-check\components\mobile\SecureUpload.tsx","OK","","False"
"route.ts","UI Component","D:\cbtc-final\cbtc-lms\app\api\debug\health-check\route.ts","Issues Found",".\/lib/supabase","True"
"route.ts","UI Component","D:\cbtc-final\cbtc-lms\app\api\debug\route.ts","OK","","False"
"SecureUpload.tsx","UI Component","D:\cbtc-final\cbtc-lms\app\api\enrollments\components\components\components\mobile\SecureUpload.tsx","OK","","False"
"SecureUpload.tsx","UI Component","D:\cbtc-final\cbtc-lms\app\api\enrollments\components\components\mobile\SecureUpload.tsx","OK","","False"
"SecureUpload.tsx","UI Component","D:\cbtc-final\cbtc-lms\app\api\enrollments\components\mobile\SecureUpload.tsx","OK","","False"
"route.ts","UI Component","D:\cbtc-final\cbtc-lms\app\api\enrollments\route.ts","Issues Found",".\/lib/supabase","True"
"SecureUpload.tsx","UI Component","D:\cbtc-final\cbtc-lms\app\api\friction-data\components\components\components\mobile\SecureUpload.tsx","OK","","False"
"SecureUpload.tsx","UI Component","D:\cbtc-final\cbtc-lms\app\api\friction-data\components\components\mobile\SecureUpload.tsx","OK","","False"
"SecureUpload.tsx","UI Component","D:\cbtc-final\cbtc-lms\app\api\friction-data\components\mobile\SecureUpload.tsx","OK","","False"
"route.ts","UI Component","D:\cbtc-final\cbtc-lms\app\api\friction-data\route.ts","Issues Found",".\/lib/supabase","True"
"SecureUpload.tsx","UI Component","D:\cbtc-final\cbtc-lms\app\api\health\components\components\components\mobile\SecureUpload.tsx","OK","","False"
"SecureUpload.tsx","UI Component","D:\cbtc-final\cbtc-lms\app\api\health\components\components\mobile\SecureUpload.tsx","OK","","False"
"SecureUpload.tsx","UI Component","D:\cbtc-final\cbtc-lms\app\api\health\components\mobile\SecureUpload.tsx","OK","","False"
"route.ts","UI Component","D:\cbtc-final\cbtc-lms\app\api\health\route.ts","Issues Found",".\/lib/supabase-server","True"
"SecureUpload.tsx","UI Component","D:\cbtc-final\cbtc-lms\app\api\inflate-questions\components\components\components\mobile\SecureUpload.tsx","OK","","False"
"SecureUpload.tsx","UI Component","D:\cbtc-final\cbtc-lms\app\api\inflate-questions\components\components\mobile\SecureUpload.tsx","OK","","False"
"SecureUpload.tsx","UI Component","D:\cbtc-final\cbtc-lms\app\api\inflate-questions\components\mobile\SecureUpload.tsx","OK","","False"
"route.ts","UI Component","D:\cbtc-final\cbtc-lms\app\api\inflate-questions\route.ts","Issues Found",".\/lib/supabase","True"
"SecureUpload.tsx","UI Component","D:\cbtc-final\cbtc-lms\app\api\ingest\components\components\components\mobile\SecureUpload.tsx","OK","","False"
"SecureUpload.tsx","UI Component","D:\cbtc-final\cbtc-lms\app\api\ingest\components\components\mobile\SecureUpload.tsx","OK","","False"
"SecureUpload.tsx","UI Component","D:\cbtc-final\cbtc-lms\app\api\ingest\components\mobile\SecureUpload.tsx","OK","","False"
"route.ts","UI Component","D:\cbtc-final\cbtc-lms\app\api\ingest\route.ts","OK","","False"
"SecureUpload.tsx","UI Component","D:\cbtc-final\cbtc-lms\app\api\instructor\components\components\components\mobile\SecureUpload.tsx","OK","","False"
"SecureUpload.tsx","UI Component","D:\cbtc-final\cbtc-lms\app\api\instructor\components\components\mobile\SecureUpload.tsx","OK","","False"
"SecureUpload.tsx","UI Component","D:\cbtc-final\cbtc-lms\app\api\instructor\components\mobile\SecureUpload.tsx","OK","","False"
"SecureUpload.tsx","UI Component","D:\cbtc-final\cbtc-lms\app\api\instructor\friction-details\components\components\components\mobile\SecureUpload.tsx","OK","","False"
"SecureUpload.tsx","UI Component","D:\cbtc-final\cbtc-lms\app\api\instructor\friction-details\components\components\mobile\SecureUpload.tsx","OK","","False"
"SecureUpload.tsx","UI Component","D:\cbtc-final\cbtc-lms\app\api\instructor\friction-details\components\mobile\SecureUpload.tsx","OK","","False"
"route.ts","UI Component","D:\cbtc-final\cbtc-lms\app\api\instructor\friction-details\route.ts","OK","","False"
"route.ts","UI Component","D:\cbtc-final\cbtc-lms\app\api\instructor\route.ts","OK","","False"
"SecureUpload.tsx","UI Component","D:\cbtc-final\cbtc-lms\app\api\modules\components\components\components\mobile\SecureUpload.tsx","OK","","False"
"SecureUpload.tsx","UI Component","D:\cbtc-final\cbtc-lms\app\api\modules\components\components\mobile\SecureUpload.tsx","OK","","False"
"SecureUpload.tsx","UI Component","D:\cbtc-final\cbtc-lms\app\api\modules\components\mobile\SecureUpload.tsx","OK","","False"
"route.ts","UI Component","D:\cbtc-final\cbtc-lms\app\api\modules\route.ts","Issues Found",".\/lib/supabase","True"
"SecureUpload.tsx","UI Component","D:\cbtc-final\cbtc-lms\app\api\payments\b2b\components\components\components\mobile\SecureUpload.tsx","OK","","False"
"SecureUpload.tsx","UI Component","D:\cbtc-final\cbtc-lms\app\api\payments\b2b\components\components\mobile\SecureUpload.tsx","OK","","False"
"SecureUpload.tsx","UI Component","D:\cbtc-final\cbtc-lms\app\api\payments\b2b\components\mobile\SecureUpload.tsx","OK","","False"
"SecureUpload.tsx","UI Component","D:\cbtc-final\cbtc-lms\app\api\payments\b2b\employees\components\components\components\mobile\SecureUpload.tsx","OK","","False"
"SecureUpload.tsx","UI Component","D:\cbtc-final\cbtc-lms\app\api\payments\b2b\employees\components\components\mobile\SecureUpload.tsx","OK","","False"
"SecureUpload.tsx","UI Component","D:\cbtc-final\cbtc-lms\app\api\payments\b2b\employees\components\mobile\SecureUpload.tsx","OK","","False"
"route.ts","UI Component","D:\cbtc-final\cbtc-lms\app\api\payments\b2b\employees\route.ts","Issues Found","../../../lib/payment/b2b","True"
"route.ts","UI Component","D:\cbtc-final\cbtc-lms\app\api\payments\b2b\route.ts","Issues Found","../../../lib/payment/b2b","True"
"SecureUpload.tsx","UI Component","D:\cbtc-final\cbtc-lms\app\api\payments\components\components\components\mobile\SecureUpload.tsx","OK","","False"
"SecureUpload.tsx","UI Component","D:\cbtc-final\cbtc-lms\app\api\payments\components\components\mobile\SecureUpload.tsx","OK","","False"
"SecureUpload.tsx","UI Component","D:\cbtc-final\cbtc-lms\app\api\payments\components\mobile\SecureUpload.tsx","OK","","False"
"Sidebar.tsx","UI Component","D:\cbtc-final\cbtc-lms\app\api\payments\student\components\components\components\components\Sidebar.tsx","OK","","False"
"Sidebar.tsx","UI Component","D:\cbtc-final\cbtc-lms\app\api\payments\student\components\components\components\mobile\components\Sidebar.tsx","OK","","False"
"SecureUpload.tsx","UI Component","D:\cbtc-final\cbtc-lms\app\api\payments\student\components\components\components\mobile\SecureUpload.tsx","OK","","False"
"Sidebar.tsx","UI Component","D:\cbtc-final\cbtc-lms\app\api\payments\student\components\components\components\portal\components\Sidebar.tsx","OK","","False"
"Sidebar.tsx","UI Component","D:\cbtc-final\cbtc-lms\app\api\payments\student\components\components\components\Sidebar.tsx","OK","","False"
"Sidebar.tsx","UI Component","D:\cbtc-final\cbtc-lms\app\api\payments\student\components\components\mobile\components\Sidebar.tsx","OK","","False"
"SecureUpload.tsx","UI Component","D:\cbtc-final\cbtc-lms\app\api\payments\student\components\components\mobile\SecureUpload.tsx","OK","","False"
"Sidebar.tsx","UI Component","D:\cbtc-final\cbtc-lms\app\api\payments\student\components\components\portal\components\Sidebar.tsx","OK","","False"
"Sidebar.tsx","UI Component","D:\cbtc-final\cbtc-lms\app\api\payments\student\components\components\Sidebar.tsx","OK","","False"
"Sidebar.tsx","UI Component","D:\cbtc-final\cbtc-lms\app\api\payments\student\components\mobile\components\Sidebar.tsx","OK","","False"
"SecureUpload.tsx","UI Component","D:\cbtc-final\cbtc-lms\app\api\payments\student\components\mobile\SecureUpload.tsx","OK","","False"
"Sidebar.tsx","UI Component","D:\cbtc-final\cbtc-lms\app\api\payments\student\components\portal\components\Sidebar.tsx","OK","","False"
"Sidebar.tsx","UI Component","D:\cbtc-final\cbtc-lms\app\api\payments\student\components\Sidebar.tsx","OK","","False"
"route.ts","UI Component","D:\cbtc-final\cbtc-lms\app\api\payments\student\route.ts","Issues Found","../../../lib/payment/payments","True"
"route.ts","UI Component","D:\cbtc-final\cbtc-lms\app\api\payments\route.ts","OK","","False"
"SecureUpload.tsx","UI Component","D:\cbtc-final\cbtc-lms\app\api\supervisor\components\components\components\mobile\SecureUpload.tsx","OK","","False"
"SecureUpload.tsx","UI Component","D:\cbtc-final\cbtc-lms\app\api\supervisor\components\components\mobile\SecureUpload.tsx","OK","","False"
"SecureUpload.tsx","UI Component","D:\cbtc-final\cbtc-lms\app\api\supervisor\components\mobile\SecureUpload.tsx","OK","","False"
"SecureUpload.tsx","UI Component","D:\cbtc-final\cbtc-lms\app\api\supervisor\stats\components\components\components\mobile\SecureUpload.tsx","OK","","False"
"SecureUpload.tsx","UI Component","D:\cbtc-final\cbtc-lms\app\api\supervisor\stats\components\components\mobile\SecureUpload.tsx","OK","","False"
"SecureUpload.tsx","UI Component","D:\cbtc-final\cbtc-lms\app\api\supervisor\stats\components\mobile\SecureUpload.tsx","OK","","False"
"route.ts","UI Component","D:\cbtc-final\cbtc-lms\app\api\supervisor\stats\route.ts","OK","","False"
"route.ts","UI Component","D:\cbtc-final\cbtc-lms\app\api\supervisor\route.ts","OK","","False"
"SecureUpload.tsx","UI Component","D:\cbtc-final\cbtc-lms\app\api\test-supabase\components\components\components\mobile\SecureUpload.tsx","OK","","False"
"SecureUpload.tsx","UI Component","D:\cbtc-final\cbtc-lms\app\api\test-supabase\components\components\mobile\SecureUpload.tsx","OK","","False"
"SecureUpload.tsx","UI Component","D:\cbtc-final\cbtc-lms\app\api\test-supabase\components\mobile\SecureUpload.tsx","OK","","False"
"route.ts","UI Component","D:\cbtc-final\cbtc-lms\app\api\test-supabase\route.ts","OK","","False"
"SecureUpload.tsx","UI Component","D:\cbtc-final\cbtc-lms\app\api\trainer\components\components\components\mobile\SecureUpload.tsx","OK","","False"
"SecureUpload.tsx","UI Component","D:\cbtc-final\cbtc-lms\app\api\trainer\components\components\mobile\SecureUpload.tsx","OK","","False"
"SecureUpload.tsx","UI Component","D:\cbtc-final\cbtc-lms\app\api\trainer\components\mobile\SecureUpload.tsx","OK","","False"
"SecureUpload.tsx","UI Component","D:\cbtc-final\cbtc-lms\app\api\trainer\friction-report\components\components\components\mobile\SecureUpload.tsx","OK","","False"
"SecureUpload.tsx","UI Component","D:\cbtc-final\cbtc-lms\app\api\trainer\friction-report\components\components\mobile\SecureUpload.tsx","OK","","False"
"SecureUpload.tsx","UI Component","D:\cbtc-final\cbtc-lms\app\api\trainer\friction-report\components\mobile\SecureUpload.tsx","OK","","False"
"route.ts","UI Component","D:\cbtc-final\cbtc-lms\app\api\trainer\friction-report\route.ts","OK","","False"
"SecureUpload.tsx","UI Component","D:\cbtc-final\cbtc-lms\app\api\trainer\verify-milestone\components\components\components\mobile\SecureUpload.tsx","OK","","False"
"SecureUpload.tsx","UI Component","D:\cbtc-final\cbtc-lms\app\api\trainer\verify-milestone\components\components\mobile\SecureUpload.tsx","OK","","False"
"SecureUpload.tsx","UI Component","D:\cbtc-final\cbtc-lms\app\api\trainer\verify-milestone\components\mobile\SecureUpload.tsx","OK","","False"
"route.ts","UI Component","D:\cbtc-final\cbtc-lms\app\api\trainer\verify-milestone\route.ts","OK","","False"
"route.ts","UI Component","D:\cbtc-final\cbtc-lms\app\api\trainer\route.ts","OK","","False"
"SecureUpload.tsx","UI Component","D:\cbtc-final\cbtc-lms\app\api\vault\components\components\components\mobile\SecureUpload.tsx","OK","","False"
"SecureUpload.tsx","UI Component","D:\cbtc-final\cbtc-lms\app\api\vault\components\components\mobile\SecureUpload.tsx","OK","","False"
"SecureUpload.tsx","UI Component","D:\cbtc-final\cbtc-lms\app\api\vault\components\mobile\SecureUpload.tsx","OK","","False"
"SecureUpload.tsx","UI Component","D:\cbtc-final\cbtc-lms\app\api\vault\upload\components\components\components\mobile\SecureUpload.tsx","OK","","False"
"SecureUpload.tsx","UI Component","D:\cbtc-final\cbtc-lms\app\api\vault\upload\components\components\mobile\SecureUpload.tsx","OK","","False"
"SecureUpload.tsx","UI Component","D:\cbtc-final\cbtc-lms\app\api\vault\upload\components\mobile\SecureUpload.tsx","OK","","False"
"route.ts","UI Component","D:\cbtc-final\cbtc-lms\app\api\vault\upload\route.ts","OK","","False"
"route.ts","UI Component","D:\cbtc-final\cbtc-lms\app\api\vault\route.ts","OK","","False"
"SecureUpload.tsx","UI Component","D:\cbtc-final\cbtc-lms\app\certificate\components\components\components\mobile\SecureUpload.tsx","OK","","False"
"SecureUpload.tsx","UI Component","D:\cbtc-final\cbtc-lms\app\certificate\components\components\mobile\SecureUpload.tsx","OK","","False"
"SecureUpload.tsx","UI Component","D:\cbtc-final\cbtc-lms\app\certificate\components\mobile\SecureUpload.tsx","OK","","False"
"page.tsx","UI Component","D:\cbtc-final\cbtc-lms\app\certificate\page.tsx","Issues Found",".\/components/Logo","True"
"SecureUpload.tsx","UI Component","D:\cbtc-final\cbtc-lms\app\certification\components\components\components\mobile\SecureUpload.tsx","OK","","False"
"SecureUpload.tsx","UI Component","D:\cbtc-final\cbtc-lms\app\certification\components\components\mobile\SecureUpload.tsx","OK","","False"
"SecureUpload.tsx","UI Component","D:\cbtc-final\cbtc-lms\app\certification\components\mobile\SecureUpload.tsx","OK","","False"
"page.tsx","UI Component","D:\cbtc-final\cbtc-lms\app\certification\page.tsx","Issues Found",".\/components/TopNav","True"
"SecureUpload.tsx","UI Component","D:\cbtc-final\cbtc-lms\app\checkout\components\components\components\mobile\SecureUpload.tsx","OK","","False"
"SecureUpload.tsx","UI Component","D:\cbtc-final\cbtc-lms\app\checkout\components\components\mobile\SecureUpload.tsx","OK","","False"
"SecureUpload.tsx","UI Component","D:\cbtc-final\cbtc-lms\app\checkout\components\mobile\SecureUpload.tsx","OK","","False"
"page.tsx","UI Component","D:\cbtc-final\cbtc-lms\app\checkout\page.tsx","OK","","False"
"SecureUpload.tsx","UI Component","D:\cbtc-final\cbtc-lms\app\courses\components\components\components\mobile\SecureUpload.tsx","OK","","False"
"SecureUpload.tsx","UI Component","D:\cbtc-final\cbtc-lms\app\courses\components\components\mobile\SecureUpload.tsx","OK","","False"
"SecureUpload.tsx","UI Component","D:\cbtc-final\cbtc-lms\app\courses\components\mobile\SecureUpload.tsx","OK","","False"
"page.tsx","UI Component","D:\cbtc-final\cbtc-lms\app\courses\page.tsx","OK","","False"
"SecureUpload.tsx","UI Component","D:\cbtc-final\cbtc-lms\app\curriculum\components\components\components\mobile\SecureUpload.tsx","OK","","False"
"SecureUpload.tsx","UI Component","D:\cbtc-final\cbtc-lms\app\curriculum\components\components\mobile\SecureUpload.tsx","OK","","False"
"SecureUpload.tsx","UI Component","D:\cbtc-final\cbtc-lms\app\curriculum\components\mobile\SecureUpload.tsx","OK","","False"
"page.tsx","UI Component","D:\cbtc-final\cbtc-lms\app\curriculum\page.tsx","OK","","False"
"SecureUpload.tsx","UI Component","D:\cbtc-final\cbtc-lms\app\dashboard\b2b\components\components\components\mobile\SecureUpload.tsx","OK","","False"
"SecureUpload.tsx","UI Component","D:\cbtc-final\cbtc-lms\app\dashboard\b2b\components\components\mobile\SecureUpload.tsx","OK","","False"
"SecureUpload.tsx","UI Component","D:\cbtc-final\cbtc-lms\app\dashboard\b2b\components\mobile\SecureUpload.tsx","OK","","False"
"page.tsx","UI Component","D:\cbtc-final\cbtc-lms\app\dashboard\b2b\page.tsx","Issues Found",".\/components/TopNav","True"
"SecureUpload.tsx","UI Component","D:\cbtc-final\cbtc-lms\app\dashboard\components\components\components\mobile\SecureUpload.tsx","OK","","False"
"SecureUpload.tsx","UI Component","D:\cbtc-final\cbtc-lms\app\dashboard\components\components\mobile\SecureUpload.tsx","OK","","False"
"SecureUpload.tsx","UI Component","D:\cbtc-final\cbtc-lms\app\dashboard\components\mobile\SecureUpload.tsx","OK","","False"
"page.tsx","UI Component","D:\cbtc-final\cbtc-lms\app\dashboard\page.tsx","OK","","False"
"SecureUpload.tsx","UI Component","D:\cbtc-final\cbtc-lms\app\diagnostic\components\components\components\mobile\SecureUpload.tsx","OK","","False"
"SecureUpload.tsx","UI Component","D:\cbtc-final\cbtc-lms\app\diagnostic\components\components\mobile\SecureUpload.tsx","OK","","False"
"SecureUpload.tsx","UI Component","D:\cbtc-final\cbtc-lms\app\diagnostic\components\mobile\SecureUpload.tsx","OK","","False"
"SecureUpload.tsx","UI Component","D:\cbtc-final\cbtc-lms\app\diagnostic\upload\components\components\components\mobile\SecureUpload.tsx","OK","","False"
"SecureUpload.tsx","UI Component","D:\cbtc-final\cbtc-lms\app\diagnostic\upload\components\components\mobile\SecureUpload.tsx","OK","","False"
"SecureUpload.tsx","UI Component","D:\cbtc-final\cbtc-lms\app\diagnostic\upload\components\mobile\SecureUpload.tsx","OK","","False"
"page.tsx","UI Component","D:\cbtc-final\cbtc-lms\app\diagnostic\upload\page.tsx","Issues Found",".\/components/TopNav","True"
"page.tsx","UI Component","D:\cbtc-final\cbtc-lms\app\diagnostic\page.tsx","Issues Found",".\/components/TopNav","True"
"SecureUpload.tsx","UI Component","D:\cbtc-final\cbtc-lms\app\entities\components\components\components\mobile\SecureUpload.tsx","OK","","False"
"SecureUpload.tsx","UI Component","D:\cbtc-final\cbtc-lms\app\entities\components\components\mobile\SecureUpload.tsx","OK","","False"
"SecureUpload.tsx","UI Component","D:\cbtc-final\cbtc-lms\app\entities\components\mobile\SecureUpload.tsx","OK","","False"
"page.tsx","UI Component","D:\cbtc-final\cbtc-lms\app\entities\page.tsx","OK","","False"
"SecureUpload.tsx","UI Component","D:\cbtc-final\cbtc-lms\app\login\components\components\components\mobile\SecureUpload.tsx","OK","","False"
"SecureUpload.tsx","UI Component","D:\cbtc-final\cbtc-lms\app\login\components\components\mobile\SecureUpload.tsx","OK","","False"
"SecureUpload.tsx","UI Component","D:\cbtc-final\cbtc-lms\app\login\components\mobile\SecureUpload.tsx","OK","","False"
"supabase.ts","UI Component","D:\cbtc-final\cbtc-lms\app\login\lib\supabase.ts","OK","","False"
"page.tsx","UI Component","D:\cbtc-final\cbtc-lms\app\login\page.tsx","Issues Found",".\/components/TopNav","True"
"SecureUpload.tsx","UI Component","D:\cbtc-final\cbtc-lms\app\menu\components\components\components\mobile\SecureUpload.tsx","OK","","False"
"SecureUpload.tsx","UI Component","D:\cbtc-final\cbtc-lms\app\menu\components\components\mobile\SecureUpload.tsx","OK","","False"
"SecureUpload.tsx","UI Component","D:\cbtc-final\cbtc-lms\app\menu\components\mobile\SecureUpload.tsx","OK","","False"
"page.tsx","UI Component","D:\cbtc-final\cbtc-lms\app\menu\page.tsx","OK","","False"
"SecureUpload.tsx","UI Component","D:\cbtc-final\cbtc-lms\app\modules\components\components\components\mobile\SecureUpload.tsx","OK","","False"
"SecureUpload.tsx","UI Component","D:\cbtc-final\cbtc-lms\app\modules\components\components\mobile\SecureUpload.tsx","OK","","False"
"SecureUpload.tsx","UI Component","D:\cbtc-final\cbtc-lms\app\modules\components\mobile\SecureUpload.tsx","OK","","False"
"SecureUpload.tsx","UI Component","D:\cbtc-final\cbtc-lms\app\modules\fluency\components\components\components\mobile\SecureUpload.tsx","OK","","False"
"SecureUpload.tsx","UI Component","D:\cbtc-final\cbtc-lms\app\modules\fluency\components\components\mobile\SecureUpload.tsx","OK","","False"
"SecureUpload.tsx","UI Component","D:\cbtc-final\cbtc-lms\app\modules\fluency\components\mobile\SecureUpload.tsx","OK","","False"
"page.tsx","UI Component","D:\cbtc-final\cbtc-lms\app\modules\fluency\page.tsx","Issues Found",".\/components/TopNav","True"
"SecureUpload.tsx","UI Component","D:\cbtc-final\cbtc-lms\app\modules\fundamentals\components\components\components\mobile\SecureUpload.tsx","OK","","False"
"SecureUpload.tsx","UI Component","D:\cbtc-final\cbtc-lms\app\modules\fundamentals\components\components\mobile\SecureUpload.tsx","OK","","False"
"SecureUpload.tsx","UI Component","D:\cbtc-final\cbtc-lms\app\modules\fundamentals\components\mobile\SecureUpload.tsx","OK","","False"
"supabase.ts","UI Component","D:\cbtc-final\cbtc-lms\app\modules\fundamentals\lib\supabase.ts","OK","","False"
"page.tsx","UI Component","D:\cbtc-final\cbtc-lms\app\modules\fundamentals\page.tsx","Issues Found",".\/components/TopNav","True"
"SecureUpload.tsx","UI Component","D:\cbtc-final\cbtc-lms\app\modules\logic\components\components\components\mobile\SecureUpload.tsx","OK","","False"
"SecureUpload.tsx","UI Component","D:\cbtc-final\cbtc-lms\app\modules\logic\components\components\mobile\SecureUpload.tsx","OK","","False"
"SecureUpload.tsx","UI Component","D:\cbtc-final\cbtc-lms\app\modules\logic\components\mobile\SecureUpload.tsx","OK","","False"
"page.tsx","UI Component","D:\cbtc-final\cbtc-lms\app\modules\logic\page.tsx","Issues Found",".\/components/TopNav","True"
"page.tsx","UI Component","D:\cbtc-final\cbtc-lms\app\modules\page.tsx","OK","","False"
"SecureUpload.tsx","UI Component","D:\cbtc-final\cbtc-lms\app\portal\components\components\components\mobile\SecureUpload.tsx","OK","","False"
"SecureUpload.tsx","UI Component","D:\cbtc-final\cbtc-lms\app\portal\components\components\mobile\SecureUpload.tsx","OK","","False"
"SecureUpload.tsx","UI Component","D:\cbtc-final\cbtc-lms\app\portal\components\mobile\SecureUpload.tsx","OK","","False"
"page.tsx","UI Component","D:\cbtc-final\cbtc-lms\app\portal\page.tsx","Issues Found",".\/components/TopNav; .\/components/portal/MilestoneForecast","True"
"SecureUpload.tsx","UI Component","D:\cbtc-final\cbtc-lms\app\reports\components\components\components\mobile\SecureUpload.tsx","OK","","False"
"SecureUpload.tsx","UI Component","D:\cbtc-final\cbtc-lms\app\reports\components\components\mobile\SecureUpload.tsx","OK","","False"
"SecureUpload.tsx","UI Component","D:\cbtc-final\cbtc-lms\app\reports\components\mobile\SecureUpload.tsx","OK","","False"
"page.tsx","UI Component","D:\cbtc-final\cbtc-lms\app\reports\page.tsx","Issues Found",".\/components/TopNav","True"
"SecureUpload.tsx","UI Component","D:\cbtc-final\cbtc-lms\app\reset-password\components\components\components\mobile\SecureUpload.tsx","OK","","False"
"SecureUpload.tsx","UI Component","D:\cbtc-final\cbtc-lms\app\reset-password\components\components\mobile\SecureUpload.tsx","OK","","False"
"SecureUpload.tsx","UI Component","D:\cbtc-final\cbtc-lms\app\reset-password\components\mobile\SecureUpload.tsx","OK","","False"
"supabase.ts","UI Component","D:\cbtc-final\cbtc-lms\app\reset-password\lib\supabase.ts","OK","","False"
"page.tsx","UI Component","D:\cbtc-final\cbtc-lms\app\reset-password\page.tsx","Issues Found",".\/components/TopNav","True"
"SecureUpload.tsx","UI Component","D:\cbtc-final\cbtc-lms\app\settings\components\components\components\mobile\SecureUpload.tsx","OK","","False"
"SecureUpload.tsx","UI Component","D:\cbtc-final\cbtc-lms\app\settings\components\components\mobile\SecureUpload.tsx","OK","","False"
"SecureUpload.tsx","UI Component","D:\cbtc-final\cbtc-lms\app\settings\components\mobile\SecureUpload.tsx","OK","","False"
"page.tsx","UI Component","D:\cbtc-final\cbtc-lms\app\settings\page.tsx","OK","","False"
"Sidebar.tsx","UI Component","D:\cbtc-final\cbtc-lms\app\student\assessment\components\components\components\components\Sidebar.tsx","OK","","False"
"Sidebar.tsx","UI Component","D:\cbtc-final\cbtc-lms\app\student\assessment\components\components\components\mobile\components\Sidebar.tsx","OK","","False"
"SecureUpload.tsx","UI Component","D:\cbtc-final\cbtc-lms\app\student\assessment\components\components\components\mobile\SecureUpload.tsx","OK","","False"
"Sidebar.tsx","UI Component","D:\cbtc-final\cbtc-lms\app\student\assessment\components\components\components\portal\components\Sidebar.tsx","OK","","False"
"Sidebar.tsx","UI Component","D:\cbtc-final\cbtc-lms\app\student\assessment\components\components\components\Sidebar.tsx","OK","","False"
"Sidebar.tsx","UI Component","D:\cbtc-final\cbtc-lms\app\student\assessment\components\components\mobile\components\Sidebar.tsx","OK","","False"
"SecureUpload.tsx","UI Component","D:\cbtc-final\cbtc-lms\app\student\assessment\components\components\mobile\SecureUpload.tsx","OK","","False"
"Sidebar.tsx","UI Component","D:\cbtc-final\cbtc-lms\app\student\assessment\components\components\portal\components\Sidebar.tsx","OK","","False"
"Sidebar.tsx","UI Component","D:\cbtc-final\cbtc-lms\app\student\assessment\components\components\Sidebar.tsx","OK","","False"
"Sidebar.tsx","UI Component","D:\cbtc-final\cbtc-lms\app\student\assessment\components\mobile\components\Sidebar.tsx","OK","","False"
"SecureUpload.tsx","UI Component","D:\cbtc-final\cbtc-lms\app\student\assessment\components\mobile\SecureUpload.tsx","OK","","False"
"Sidebar.tsx","UI Component","D:\cbtc-final\cbtc-lms\app\student\assessment\components\portal\components\Sidebar.tsx","OK","","False"
"Sidebar.tsx","UI Component","D:\cbtc-final\cbtc-lms\app\student\assessment\components\Sidebar.tsx","OK","","False"
"Sidebar.tsx","UI Component","D:\cbtc-final\cbtc-lms\app\student\assessment\module-1\components\components\components\components\Sidebar.tsx","OK","","False"
"Sidebar.tsx","UI Component","D:\cbtc-final\cbtc-lms\app\student\assessment\module-1\components\components\components\mobile\components\Sidebar.tsx","OK","","False"
"SecureUpload.tsx","UI Component","D:\cbtc-final\cbtc-lms\app\student\assessment\module-1\components\components\components\mobile\SecureUpload.tsx","OK","","False"
"Sidebar.tsx","UI Component","D:\cbtc-final\cbtc-lms\app\student\assessment\module-1\components\components\components\portal\components\Sidebar.tsx","OK","","False"
"Sidebar.tsx","UI Component","D:\cbtc-final\cbtc-lms\app\student\assessment\module-1\components\components\components\Sidebar.tsx","OK","","False"
"Sidebar.tsx","UI Component","D:\cbtc-final\cbtc-lms\app\student\assessment\module-1\components\components\mobile\components\Sidebar.tsx","OK","","False"
"SecureUpload.tsx","UI Component","D:\cbtc-final\cbtc-lms\app\student\assessment\module-1\components\components\mobile\SecureUpload.tsx","OK","","False"
"Sidebar.tsx","UI Component","D:\cbtc-final\cbtc-lms\app\student\assessment\module-1\components\components\portal\components\Sidebar.tsx","OK","","False"
"Sidebar.tsx","UI Component","D:\cbtc-final\cbtc-lms\app\student\assessment\module-1\components\components\Sidebar.tsx","OK","","False"
"Sidebar.tsx","UI Component","D:\cbtc-final\cbtc-lms\app\student\assessment\module-1\components\mobile\components\Sidebar.tsx","OK","","False"
"SecureUpload.tsx","UI Component","D:\cbtc-final\cbtc-lms\app\student\assessment\module-1\components\mobile\SecureUpload.tsx","OK","","False"
"Sidebar.tsx","UI Component","D:\cbtc-final\cbtc-lms\app\student\assessment\module-1\components\portal\components\Sidebar.tsx","OK","","False"
"Sidebar.tsx","UI Component","D:\cbtc-final\cbtc-lms\app\student\assessment\module-1\components\Sidebar.tsx","OK","","False"
"page.tsx","UI Component","D:\cbtc-final\cbtc-lms\app\student\assessment\module-1\page.tsx","Issues Found",".\/components/TopNav","True"
"Sidebar.tsx","UI Component","D:\cbtc-final\cbtc-lms\app\student\assessment\module-2\components\components\components\components\Sidebar.tsx","OK","","False"
"Sidebar.tsx","UI Component","D:\cbtc-final\cbtc-lms\app\student\assessment\module-2\components\components\components\mobile\components\Sidebar.tsx","OK","","False"
"SecureUpload.tsx","UI Component","D:\cbtc-final\cbtc-lms\app\student\assessment\module-2\components\components\components\mobile\SecureUpload.tsx","OK","","False"
"Sidebar.tsx","UI Component","D:\cbtc-final\cbtc-lms\app\student\assessment\module-2\components\components\components\portal\components\Sidebar.tsx","OK","","False"
"Sidebar.tsx","UI Component","D:\cbtc-final\cbtc-lms\app\student\assessment\module-2\components\components\components\Sidebar.tsx","OK","","False"
"Sidebar.tsx","UI Component","D:\cbtc-final\cbtc-lms\app\student\assessment\module-2\components\components\mobile\components\Sidebar.tsx","OK","","False"
"SecureUpload.tsx","UI Component","D:\cbtc-final\cbtc-lms\app\student\assessment\module-2\components\components\mobile\SecureUpload.tsx","OK","","False"
"Sidebar.tsx","UI Component","D:\cbtc-final\cbtc-lms\app\student\assessment\module-2\components\components\portal\components\Sidebar.tsx","OK","","False"
"Sidebar.tsx","UI Component","D:\cbtc-final\cbtc-lms\app\student\assessment\module-2\components\components\Sidebar.tsx","OK","","False"
"Sidebar.tsx","UI Component","D:\cbtc-final\cbtc-lms\app\student\assessment\module-2\components\mobile\components\Sidebar.tsx","OK","","False"
"SecureUpload.tsx","UI Component","D:\cbtc-final\cbtc-lms\app\student\assessment\module-2\components\mobile\SecureUpload.tsx","OK","","False"
"Sidebar.tsx","UI Component","D:\cbtc-final\cbtc-lms\app\student\assessment\module-2\components\portal\components\Sidebar.tsx","OK","","False"
"Sidebar.tsx","UI Component","D:\cbtc-final\cbtc-lms\app\student\assessment\module-2\components\Sidebar.tsx","OK","","False"
"Sidebar.tsx","UI Component","D:\cbtc-final\cbtc-lms\app\student\assessment\module-2\voice-audit\components\components\components\components\Sidebar.tsx","OK","","False"
"Sidebar.tsx","UI Component","D:\cbtc-final\cbtc-lms\app\student\assessment\module-2\voice-audit\components\components\components\mobile\components\Sidebar.tsx","OK","","False"
"SecureUpload.tsx","UI Component","D:\cbtc-final\cbtc-lms\app\student\assessment\module-2\voice-audit\components\components\components\mobile\SecureUpload.tsx","OK","","False"
"Sidebar.tsx","UI Component","D:\cbtc-final\cbtc-lms\app\student\assessment\module-2\voice-audit\components\components\components\portal\components\Sidebar.tsx","OK","","False"
"Sidebar.tsx","UI Component","D:\cbtc-final\cbtc-lms\app\student\assessment\module-2\voice-audit\components\components\components\Sidebar.tsx","OK","","False"
"Sidebar.tsx","UI Component","D:\cbtc-final\cbtc-lms\app\student\assessment\module-2\voice-audit\components\components\mobile\components\Sidebar.tsx","OK","","False"
"SecureUpload.tsx","UI Component","D:\cbtc-final\cbtc-lms\app\student\assessment\module-2\voice-audit\components\components\mobile\SecureUpload.tsx","OK","","False"
"Sidebar.tsx","UI Component","D:\cbtc-final\cbtc-lms\app\student\assessment\module-2\voice-audit\components\components\portal\components\Sidebar.tsx","OK","","False"
"Sidebar.tsx","UI Component","D:\cbtc-final\cbtc-lms\app\student\assessment\module-2\voice-audit\components\components\Sidebar.tsx","OK","","False"
"Sidebar.tsx","UI Component","D:\cbtc-final\cbtc-lms\app\student\assessment\module-2\voice-audit\components\mobile\components\Sidebar.tsx","OK","","False"
"SecureUpload.tsx","UI Component","D:\cbtc-final\cbtc-lms\app\student\assessment\module-2\voice-audit\components\mobile\SecureUpload.tsx","OK","","False"
"Sidebar.tsx","UI Component","D:\cbtc-final\cbtc-lms\app\student\assessment\module-2\voice-audit\components\portal\components\Sidebar.tsx","OK","","False"
"Sidebar.tsx","UI Component","D:\cbtc-final\cbtc-lms\app\student\assessment\module-2\voice-audit\components\Sidebar.tsx","OK","","False"
"page.tsx","UI Component","D:\cbtc-final\cbtc-lms\app\student\assessment\module-2\voice-audit\page.tsx","Issues Found",".\/components/TopNav","True"
"page.tsx","UI Component","D:\cbtc-final\cbtc-lms\app\student\assessment\module-2\page.tsx","OK","","False"
"page.tsx","UI Component","D:\cbtc-final\cbtc-lms\app\student\assessment\page.tsx","OK","","False"
"Sidebar.tsx","UI Component","D:\cbtc-final\cbtc-lms\app\student\certification\components\components\components\components\Sidebar.tsx","OK","","False"
"Sidebar.tsx","UI Component","D:\cbtc-final\cbtc-lms\app\student\certification\components\components\components\mobile\components\Sidebar.tsx","OK","","False"
"SecureUpload.tsx","UI Component","D:\cbtc-final\cbtc-lms\app\student\certification\components\components\components\mobile\SecureUpload.tsx","OK","","False"
"Sidebar.tsx","UI Component","D:\cbtc-final\cbtc-lms\app\student\certification\components\components\components\portal\components\Sidebar.tsx","OK","","False"
"Sidebar.tsx","UI Component","D:\cbtc-final\cbtc-lms\app\student\certification\components\components\components\Sidebar.tsx","OK","","False"
"Sidebar.tsx","UI Component","D:\cbtc-final\cbtc-lms\app\student\certification\components\components\mobile\components\Sidebar.tsx","OK","","False"
"SecureUpload.tsx","UI Component","D:\cbtc-final\cbtc-lms\app\student\certification\components\components\mobile\SecureUpload.tsx","OK","","False"
"Sidebar.tsx","UI Component","D:\cbtc-final\cbtc-lms\app\student\certification\components\components\portal\components\Sidebar.tsx","OK","","False"
"Sidebar.tsx","UI Component","D:\cbtc-final\cbtc-lms\app\student\certification\components\components\Sidebar.tsx","OK","","False"
"Sidebar.tsx","UI Component","D:\cbtc-final\cbtc-lms\app\student\certification\components\mobile\components\Sidebar.tsx","OK","","False"
"SecureUpload.tsx","UI Component","D:\cbtc-final\cbtc-lms\app\student\certification\components\mobile\SecureUpload.tsx","OK","","False"
"Sidebar.tsx","UI Component","D:\cbtc-final\cbtc-lms\app\student\certification\components\portal\components\Sidebar.tsx","OK","","False"
"Sidebar.tsx","UI Component","D:\cbtc-final\cbtc-lms\app\student\certification\components\Sidebar.tsx","OK","","False"
"page.tsx","UI Component","D:\cbtc-final\cbtc-lms\app\student\certification\page.tsx","Issues Found",".\/components/TopNav","True"
"Sidebar.tsx","UI Component","D:\cbtc-final\cbtc-lms\app\student\components\components\components\components\Sidebar.tsx","OK","","False"
"Sidebar.tsx","UI Component","D:\cbtc-final\cbtc-lms\app\student\components\components\components\mobile\components\Sidebar.tsx","OK","","False"
"SecureUpload.tsx","UI Component","D:\cbtc-final\cbtc-lms\app\student\components\components\components\mobile\SecureUpload.tsx","OK","","False"
"Sidebar.tsx","UI Component","D:\cbtc-final\cbtc-lms\app\student\components\components\components\portal\components\Sidebar.tsx","OK","","False"
"Sidebar.tsx","UI Component","D:\cbtc-final\cbtc-lms\app\student\components\components\components\Sidebar.tsx","OK","","False"
"Sidebar.tsx","UI Component","D:\cbtc-final\cbtc-lms\app\student\components\components\mobile\components\Sidebar.tsx","OK","","False"
"SecureUpload.tsx","UI Component","D:\cbtc-final\cbtc-lms\app\student\components\components\mobile\SecureUpload.tsx","OK","","False"
"Sidebar.tsx","UI Component","D:\cbtc-final\cbtc-lms\app\student\components\components\portal\components\Sidebar.tsx","OK","","False"
"Sidebar.tsx","UI Component","D:\cbtc-final\cbtc-lms\app\student\components\components\Sidebar.tsx","OK","","False"
"Sidebar.tsx","UI Component","D:\cbtc-final\cbtc-lms\app\student\components\mobile\components\Sidebar.tsx","OK","","False"
"SecureUpload.tsx","UI Component","D:\cbtc-final\cbtc-lms\app\student\components\mobile\SecureUpload.tsx","OK","","False"
"Sidebar.tsx","UI Component","D:\cbtc-final\cbtc-lms\app\student\components\portal\components\Sidebar.tsx","OK","","False"
"Sidebar.tsx","UI Component","D:\cbtc-final\cbtc-lms\app\student\components\Sidebar.tsx","OK","","False"
"Sidebar.tsx","UI Component","D:\cbtc-final\cbtc-lms\app\student\dashboard\components\components\components\components\Sidebar.tsx","OK","","False"
"Sidebar.tsx","UI Component","D:\cbtc-final\cbtc-lms\app\student\dashboard\components\components\components\mobile\components\Sidebar.tsx","OK","","False"
"SecureUpload.tsx","UI Component","D:\cbtc-final\cbtc-lms\app\student\dashboard\components\components\components\mobile\SecureUpload.tsx","OK","","False"
"Sidebar.tsx","UI Component","D:\cbtc-final\cbtc-lms\app\student\dashboard\components\components\components\portal\components\Sidebar.tsx","OK","","False"
"Sidebar.tsx","UI Component","D:\cbtc-final\cbtc-lms\app\student\dashboard\components\components\components\Sidebar.tsx","OK","","False"
"Sidebar.tsx","UI Component","D:\cbtc-final\cbtc-lms\app\student\dashboard\components\components\mobile\components\Sidebar.tsx","OK","","False"
"SecureUpload.tsx","UI Component","D:\cbtc-final\cbtc-lms\app\student\dashboard\components\components\mobile\SecureUpload.tsx","OK","","False"
"Sidebar.tsx","UI Component","D:\cbtc-final\cbtc-lms\app\student\dashboard\components\components\portal\components\Sidebar.tsx","OK","","False"
"Sidebar.tsx","UI Component","D:\cbtc-final\cbtc-lms\app\student\dashboard\components\components\Sidebar.tsx","OK","","False"
"Sidebar.tsx","UI Component","D:\cbtc-final\cbtc-lms\app\student\dashboard\components\mobile\components\Sidebar.tsx","OK","","False"
"SecureUpload.tsx","UI Component","D:\cbtc-final\cbtc-lms\app\student\dashboard\components\mobile\SecureUpload.tsx","OK","","False"
"Sidebar.tsx","UI Component","D:\cbtc-final\cbtc-lms\app\student\dashboard\components\portal\components\Sidebar.tsx","OK","","False"
"Sidebar.tsx","UI Component","D:\cbtc-final\cbtc-lms\app\student\dashboard\components\Sidebar.tsx","OK","","False"
"page.tsx","UI Component","D:\cbtc-final\cbtc-lms\app\student\dashboard\page.tsx","Issues Found",".\/components/TopNav","True"
"Sidebar.tsx","UI Component","D:\cbtc-final\cbtc-lms\app\student\final-exam\components\components\components\components\Sidebar.tsx","OK","","False"
"Sidebar.tsx","UI Component","D:\cbtc-final\cbtc-lms\app\student\final-exam\components\components\components\mobile\components\Sidebar.tsx","OK","","False"
"SecureUpload.tsx","UI Component","D:\cbtc-final\cbtc-lms\app\student\final-exam\components\components\components\mobile\SecureUpload.tsx","OK","","False"
"Sidebar.tsx","UI Component","D:\cbtc-final\cbtc-lms\app\student\final-exam\components\components\components\portal\components\Sidebar.tsx","OK","","False"
"Sidebar.tsx","UI Component","D:\cbtc-final\cbtc-lms\app\student\final-exam\components\components\components\Sidebar.tsx","OK","","False"
"Sidebar.tsx","UI Component","D:\cbtc-final\cbtc-lms\app\student\final-exam\components\components\mobile\components\Sidebar.tsx","OK","","False"
"SecureUpload.tsx","UI Component","D:\cbtc-final\cbtc-lms\app\student\final-exam\components\components\mobile\SecureUpload.tsx","OK","","False"
"Sidebar.tsx","UI Component","D:\cbtc-final\cbtc-lms\app\student\final-exam\components\components\portal\components\Sidebar.tsx","OK","","False"
"Sidebar.tsx","UI Component","D:\cbtc-final\cbtc-lms\app\student\final-exam\components\components\Sidebar.tsx","OK","","False"
"Sidebar.tsx","UI Component","D:\cbtc-final\cbtc-lms\app\student\final-exam\components\mobile\components\Sidebar.tsx","OK","","False"
"SecureUpload.tsx","UI Component","D:\cbtc-final\cbtc-lms\app\student\final-exam\components\mobile\SecureUpload.tsx","OK","","False"
"Sidebar.tsx","UI Component","D:\cbtc-final\cbtc-lms\app\student\final-exam\components\portal\components\Sidebar.tsx","OK","","False"
"Sidebar.tsx","UI Component","D:\cbtc-final\cbtc-lms\app\student\final-exam\components\Sidebar.tsx","OK","","False"
"page.tsx","UI Component","D:\cbtc-final\cbtc-lms\app\student\final-exam\page.tsx","Issues Found",".\/components/TopNav","True"
"Sidebar.tsx","UI Component","D:\cbtc-final\cbtc-lms\app\student\glossary\components\components\components\components\Sidebar.tsx","OK","","False"
"Sidebar.tsx","UI Component","D:\cbtc-final\cbtc-lms\app\student\glossary\components\components\components\mobile\components\Sidebar.tsx","OK","","False"
"SecureUpload.tsx","UI Component","D:\cbtc-final\cbtc-lms\app\student\glossary\components\components\components\mobile\SecureUpload.tsx","OK","","False"
"Sidebar.tsx","UI Component","D:\cbtc-final\cbtc-lms\app\student\glossary\components\components\components\portal\components\Sidebar.tsx","OK","","False"
"Sidebar.tsx","UI Component","D:\cbtc-final\cbtc-lms\app\student\glossary\components\components\components\Sidebar.tsx","OK","","False"
"Sidebar.tsx","UI Component","D:\cbtc-final\cbtc-lms\app\student\glossary\components\components\mobile\components\Sidebar.tsx","OK","","False"
"SecureUpload.tsx","UI Component","D:\cbtc-final\cbtc-lms\app\student\glossary\components\components\mobile\SecureUpload.tsx","OK","","False"
"Sidebar.tsx","UI Component","D:\cbtc-final\cbtc-lms\app\student\glossary\components\components\portal\components\Sidebar.tsx","OK","","False"
"Sidebar.tsx","UI Component","D:\cbtc-final\cbtc-lms\app\student\glossary\components\components\Sidebar.tsx","OK","","False"
"Sidebar.tsx","UI Component","D:\cbtc-final\cbtc-lms\app\student\glossary\components\mobile\components\Sidebar.tsx","OK","","False"
"SecureUpload.tsx","UI Component","D:\cbtc-final\cbtc-lms\app\student\glossary\components\mobile\SecureUpload.tsx","OK","","False"
"Sidebar.tsx","UI Component","D:\cbtc-final\cbtc-lms\app\student\glossary\components\portal\components\Sidebar.tsx","OK","","False"
"Sidebar.tsx","UI Component","D:\cbtc-final\cbtc-lms\app\student\glossary\components\Sidebar.tsx","OK","","False"
"page.tsx","UI Component","D:\cbtc-final\cbtc-lms\app\student\glossary\page.tsx","Issues Found",".\/components/TopNav","True"
"Sidebar.tsx","UI Component","D:\cbtc-final\cbtc-lms\app\student\portal\components\components\components\components\Sidebar.tsx","OK","","False"
"Sidebar.tsx","UI Component","D:\cbtc-final\cbtc-lms\app\student\portal\components\components\components\mobile\components\Sidebar.tsx","OK","","False"
"SecureUpload.tsx","UI Component","D:\cbtc-final\cbtc-lms\app\student\portal\components\components\components\mobile\SecureUpload.tsx","OK","","False"
"Sidebar.tsx","UI Component","D:\cbtc-final\cbtc-lms\app\student\portal\components\components\components\portal\components\Sidebar.tsx","OK","","False"
"Sidebar.tsx","UI Component","D:\cbtc-final\cbtc-lms\app\student\portal\components\components\components\Sidebar.tsx","OK","","False"
"Sidebar.tsx","UI Component","D:\cbtc-final\cbtc-lms\app\student\portal\components\components\mobile\components\Sidebar.tsx","OK","","False"
"SecureUpload.tsx","UI Component","D:\cbtc-final\cbtc-lms\app\student\portal\components\components\mobile\SecureUpload.tsx","OK","","False"
"Sidebar.tsx","UI Component","D:\cbtc-final\cbtc-lms\app\student\portal\components\components\portal\components\Sidebar.tsx","OK","","False"
"Sidebar.tsx","UI Component","D:\cbtc-final\cbtc-lms\app\student\portal\components\components\Sidebar.tsx","OK","","False"
"Sidebar.tsx","UI Component","D:\cbtc-final\cbtc-lms\app\student\portal\components\mobile\components\Sidebar.tsx","OK","","False"
"SecureUpload.tsx","UI Component","D:\cbtc-final\cbtc-lms\app\student\portal\components\mobile\SecureUpload.tsx","OK","","False"
"Sidebar.tsx","UI Component","D:\cbtc-final\cbtc-lms\app\student\portal\components\portal\components\Sidebar.tsx","OK","","False"
"BillingModule.tsx","UI Component","D:\cbtc-final\cbtc-lms\app\student\portal\components\portal\BillingModule.tsx","OK","","False"
"CurriculumMap.tsx","UI Component","D:\cbtc-final\cbtc-lms\app\student\portal\components\portal\CurriculumMap.tsx","OK","","False"
"HandwritingUpload.tsx","UI Component","D:\cbtc-final\cbtc-lms\app\student\portal\components\portal\HandwritingUpload.tsx","OK","","False"
"CourseSidebar.tsx","UI Component","D:\cbtc-final\cbtc-lms\app\student\portal\components\CourseSidebar.tsx","OK","","False"
"Sidebar.tsx","UI Component","D:\cbtc-final\cbtc-lms\app\student\portal\components\Sidebar.tsx","OK","","False"
"supabase.ts","UI Component","D:\cbtc-final\cbtc-lms\app\student\portal\lib\supabase.ts","OK","","False"
"page.tsx","UI Component","D:\cbtc-final\cbtc-lms\app\student\portal\page.tsx","Issues Found",".\/components/TopNav; .\/components/portal/MilestoneForecast","True"
"page.tsx","UI Component","D:\cbtc-final\cbtc-lms\app\student\page.tsx","OK","","False"
"SecureUpload.tsx","UI Component","D:\cbtc-final\cbtc-lms\app\trainer\analytics\components\components\components\mobile\SecureUpload.tsx","OK","","False"
"SecureUpload.tsx","UI Component","D:\cbtc-final\cbtc-lms\app\trainer\analytics\components\components\mobile\SecureUpload.tsx","OK","","False"
"SecureUpload.tsx","UI Component","D:\cbtc-final\cbtc-lms\app\trainer\analytics\components\mobile\SecureUpload.tsx","OK","","False"
"page.tsx","UI Component","D:\cbtc-final\cbtc-lms\app\trainer\analytics\page.tsx","Issues Found",".\/components/TopNav","True"
"SecureUpload.tsx","UI Component","D:\cbtc-final\cbtc-lms\app\trainer\components\components\components\mobile\SecureUpload.tsx","OK","","False"
"SecureUpload.tsx","UI Component","D:\cbtc-final\cbtc-lms\app\trainer\components\components\mobile\SecureUpload.tsx","OK","","False"
"SecureUpload.tsx","UI Component","D:\cbtc-final\cbtc-lms\app\trainer\components\mobile\SecureUpload.tsx","OK","","False"
"Sidebar.tsx","UI Component","D:\cbtc-final\cbtc-lms\app\trainer\components\Sidebar.tsx","OK","","False"
"SecureUpload.tsx","UI Component","D:\cbtc-final\cbtc-lms\app\trainer\ingestion\components\components\components\mobile\SecureUpload.tsx","OK","","False"
"SecureUpload.tsx","UI Component","D:\cbtc-final\cbtc-lms\app\trainer\ingestion\components\components\mobile\SecureUpload.tsx","OK","","False"
"SecureUpload.tsx","UI Component","D:\cbtc-final\cbtc-lms\app\trainer\ingestion\components\mobile\SecureUpload.tsx","OK","","False"
"page.tsx","UI Component","D:\cbtc-final\cbtc-lms\app\trainer\ingestion\page.tsx","Issues Found",".\/components/TopNav","True"
"page.tsx","UI Component","D:\cbtc-final\cbtc-lms\app\trainer\page.tsx","Issues Found",".\/components/TopNav","True"
"SecureUpload.tsx","UI Component","D:\cbtc-final\cbtc-lms\app\transcript\components\components\components\mobile\SecureUpload.tsx","OK","","False"
"SecureUpload.tsx","UI Component","D:\cbtc-final\cbtc-lms\app\transcript\components\components\mobile\SecureUpload.tsx","OK","","False"
"SecureUpload.tsx","UI Component","D:\cbtc-final\cbtc-lms\app\transcript\components\mobile\SecureUpload.tsx","OK","","False"
"Logo.tsx","UI Component","D:\cbtc-final\cbtc-lms\app\transcript\components\Logo.tsx","OK","","False"
"page.tsx","UI Component","D:\cbtc-final\cbtc-lms\app\transcript\page.tsx","OK","","False"
"SecureUpload.tsx","UI Component","D:\cbtc-final\cbtc-lms\app\verify\components\components\components\mobile\SecureUpload.tsx","OK","","False"
"SecureUpload.tsx","UI Component","D:\cbtc-final\cbtc-lms\app\verify\components\components\mobile\SecureUpload.tsx","OK","","False"
"SecureUpload.tsx","UI Component","D:\cbtc-final\cbtc-lms\app\verify\components\mobile\SecureUpload.tsx","OK","","False"
"page.tsx","UI Component","D:\cbtc-final\cbtc-lms\app\verify\page.tsx","OK","","False"
"SecureUpload.tsx","UI Component","D:\cbtc-final\cbtc-lms\app\visitor\components\components\components\mobile\SecureUpload.tsx","OK","","False"
"SecureUpload.tsx","UI Component","D:\cbtc-final\cbtc-lms\app\visitor\components\components\mobile\SecureUpload.tsx","OK","","False"
"SecureUpload.tsx","UI Component","D:\cbtc-final\cbtc-lms\app\visitor\components\mobile\SecureUpload.tsx","OK","","False"
"page.tsx","UI Component","D:\cbtc-final\cbtc-lms\app\visitor\page.tsx","OK","","False"
"layout.tsx","UI Component","D:\cbtc-final\cbtc-lms\app\layout.tsx","Issues Found","./globals.css","True"
"page.tsx","UI Component","D:\cbtc-final\cbtc-lms\app\page.tsx","OK","","False"
"FragmentRegistry.tsx","UI Component","D:\cbtc-final\cbtc-lms\components\adaptive\FragmentRegistry.tsx","OK","","False"
"page.tsx","UI Component","D:\cbtc-final\cbtc-lms\components\admin\assessments\page.tsx","OK","","False"
"page.tsx","UI Component","D:\cbtc-final\cbtc-lms\components\admin\course\page.tsx","OK","","False"
"page.tsx","UI Component","D:\cbtc-final\cbtc-lms\components\admin\students\page.tsx","OK","","False"
"page.tsx","UI Component","D:\cbtc-final\cbtc-lms\components\admin\trainer\page.tsx","OK","","False"
"AdminDictionary.tsx","UI Component","D:\cbtc-final\cbtc-lms\components\admin\AdminDictionary.tsx","OK","","False"
"auditdashboard.tsx","UI Component","D:\cbtc-final\cbtc-lms\components\admin\auditdashboard.tsx","OK","","False"
"BilingualDictionaryView.tsx","UI Component","D:\cbtc-final\cbtc-lms\components\admin\BilingualDictionaryView.tsx","OK","","False"
"CourseEditor.tsx","UI Component","D:\cbtc-final\cbtc-lms\components\admin\CourseEditor.tsx","OK","","False"
"DiagnosticCard.tsx","UI Component","D:\cbtc-final\cbtc-lms\components\admin\DiagnosticCard.tsx","OK","","False"
"error.tsx","UI Component","D:\cbtc-final\cbtc-lms\components\admin\error.tsx","OK","","False"
"FrictionExport.tsx","UI Component","D:\cbtc-final\cbtc-lms\components\admin\FrictionExport.tsx","OK","","False"
"FrictionHeatmap.tsx","UI Component","D:\cbtc-final\cbtc-lms\components\admin\FrictionHeatmap.tsx","OK","","False"
"GlobalMetrics.tsx","UI Component","D:\cbtc-final\cbtc-lms\components\admin\GlobalMetrics.tsx","OK","","False"
"IntegrityLog.tsx","UI Component","D:\cbtc-final\cbtc-lms\components\admin\IntegrityLog.tsx","OK","","False"
"loading.tsx","UI Component","D:\cbtc-final\cbtc-lms\components\admin\loading.tsx","OK","","False"
"OptimizationCard.tsx","UI Component","D:\cbtc-final\cbtc-lms\components\admin\OptimizationCard.tsx","OK","","False"
"PathChoice.tsx","UI Component","D:\cbtc-final\cbtc-lms\components\admin\PathChoice.tsx","OK","","False"
"PortalLink.tsx","UI Component","D:\cbtc-final\cbtc-lms\components\admin\PortalLink.tsx","OK","","False"
"SystemAlerts.tsx","UI Component","D:\cbtc-final\cbtc-lms\components\admin\SystemAlerts.tsx","OK","","False"
"TermManager.tsx","UI Component","D:\cbtc-final\cbtc-lms\components\admin\TermManager.tsx","OK","","False"
"TrainerPayroll.tsx","UI Component","D:\cbtc-final\cbtc-lms\components\admin\TrainerPayroll.tsx","OK","","False"
"TrainerStudentList.tsx","UI Component","D:\cbtc-final\cbtc-lms\components\admin\TrainerStudentList.tsx","OK","","False"
"UserManagement.tsx","UI Component","D:\cbtc-final\cbtc-lms\components\admin\UserManagement.tsx","OK","","False"
"VaultExplorer.tsx","UI Component","D:\cbtc-final\cbtc-lms\components\admin\VaultExplorer.tsx","Issues Found","../.@/lib/supabase","True"
"assessmentuploader.tsx","UI Component","D:\cbtc-final\cbtc-lms\components\assessment\assessmentuploader.tsx","OK","","False"
"GodModeGuard.tsx","UI Component","D:\cbtc-final\cbtc-lms\components\auth\GodModeGuard.tsx","OK","","False"
"admincertificatemanager.tsx","UI Component","D:\cbtc-final\cbtc-lms\components\certificates\admincertificatemanager.tsx","OK","","False"
"certificatetemplate.tsx","UI Component","D:\cbtc-final\cbtc-lms\components\certificates\certificatetemplate.tsx","OK","","False"
"CourseCatalog.tsx","UI Component","D:\cbtc-final\cbtc-lms\components\course\CourseCatalog.tsx","OK","","False"
"DynamicViewer.tsx","UI Component","D:\cbtc-final\cbtc-lms\components\course\DynamicViewer.tsx","OK","","False"
"BilingualCourseCard.tsx","UI Component","D:\cbtc-final\cbtc-lms\components\courses\BilingualCourseCard.tsx","OK","","False"
"admindashboard.tsx","UI Component","D:\cbtc-final\cbtc-lms\components\dashboard\admindashboard.tsx","OK","","False"
"AuditLogWiget.tsx","UI Component","D:\cbtc-final\cbtc-lms\components\dashboard\AuditLogWiget.tsx","OK","","False"
"coursegrid.tsx","UI Component","D:\cbtc-final\cbtc-lms\components\dashboard\coursegrid.tsx","OK","","False"
"DashboardMetrics.ts","UI Component","D:\cbtc-final\cbtc-lms\components\dashboard\DashboardMetrics.ts","OK","","False"
"DiagnosticWelcomeModal.tsx","UI Component","D:\cbtc-final\cbtc-lms\components\dashboard\DiagnosticWelcomeModal.tsx","OK","","False"
"finalassessment.tsx","UI Component","D:\cbtc-final\cbtc-lms\components\dashboard\finalassessment.tsx","OK","","False"
"FinancialOversight.tsx","UI Component","D:\cbtc-final\cbtc-lms\components\dashboard\FinancialOversight.tsx","OK","","False"
"graduationpredictor.tsx","UI Component","D:\cbtc-final\cbtc-lms\components\dashboard\graduationpredictor.tsx","OK","","False"
"HandwritingSummary.tsx","UI Component","D:\cbtc-final\cbtc-lms\components\dashboard\HandwritingSummary.tsx","OK","","False"
"optimizationsuccess.tsx","UI Component","D:\cbtc-final\cbtc-lms\components\dashboard\optimizationsuccess.tsx","OK","","False"
"progressforecast.tsx","UI Component","D:\cbtc-final\cbtc-lms\components\dashboard\progressforecast.tsx","OK","","False"
"studentinvoice.tsx","UI Component","D:\cbtc-final\cbtc-lms\components\dashboard\studentinvoice.tsx","OK","","False"
"trainerview.tsx","UI Component","D:\cbtc-final\cbtc-lms\components\dashboard\trainerview.tsx","OK","","False"
"StateDebugger.tsx","UI Component","D:\cbtc-final\cbtc-lms\components\debug\StateDebugger.tsx","OK","","False"
"CorporateBilling.tsx","UI Component","D:\cbtc-final\cbtc-lms\components\employer\CorporateBilling.tsx","OK","","False"
"EmployerDashboard.tsx","UI Component","D:\cbtc-final\cbtc-lms\components\employer\EmployerDashboard.tsx","OK","","False"
"assessmentupload.tsx","UI Component","D:\cbtc-final\cbtc-lms\components\features\assessmentupload.tsx","OK","","False"
"progressforecasting.tsx","UI Component","D:\cbtc-final\cbtc-lms\components\features\progressforecasting.tsx","OK","","False"
"FrictionBanner.tsx","UI Component","D:\cbtc-final\cbtc-lms\components\instructor\FrictionBanner.tsx","OK","","False"
"FrictionDashboard.tsx","UI Component","D:\cbtc-final\cbtc-lms\components\instructor\FrictionDashboard.tsx","OK","","False"
"HandwritingUpload.tsx","UI Component","D:\cbtc-final\cbtc-lms\components\instructor\HandwritingUpload.tsx","OK","","False"
"ScanPreview.tsx","UI Component","D:\cbtc-final\cbtc-lms\components\instructor\ScanPreview.tsx","OK","","False"
"GlobalNav.tsx","UI Component","D:\cbtc-final\cbtc-lms\components\layout\GlobalNav.tsx","OK","","False"
"MobileTabs.tsx","UI Component","D:\cbtc-final\cbtc-lms\components\layout\MobileTabs.tsx","OK","","False"
"NavigationController.tsx","UI Component","D:\cbtc-final\cbtc-lms\components\layout\NavigationController.tsx","OK","","False"
"PlaceholderMobile.tsx","UI Component","D:\cbtc-final\cbtc-lms\components\mobile\PlaceholderMobile.tsx","OK","","False"
"SecureUpload.tsx","UI Component","D:\cbtc-final\cbtc-lms\components\mobile\SecureUpload.tsx","OK","","False"
"ModuleCard.tsx","UI Component","D:\cbtc-final\cbtc-lms\components\modules\ModuleCard.tsx","OK","","False"
"AdaptiveSidebar.tsx","UI Component","D:\cbtc-final\cbtc-lms\components\portal\AdaptiveSidebar.tsx","OK","","False"
"BillingModule.tsx","UI Component","D:\cbtc-final\cbtc-lms\components\portal\BillingModule.tsx","OK","","False"
"CompletionCertificate.tsx","UI Component","D:\cbtc-final\cbtc-lms\components\portal\CompletionCertificate.tsx","OK","","False"
"CoursePlayer.tsx","UI Component","D:\cbtc-final\cbtc-lms\components\portal\CoursePlayer.tsx","OK","","False"
"CurriculumMap.tsx","UI Component","D:\cbtc-final\cbtc-lms\components\portal\CurriculumMap.tsx","OK","","False"
"HandwritingUpload.tsx","UI Component","D:\cbtc-final\cbtc-lms\components\portal\HandwritingUpload.tsx","OK","","False"
"MilestoneForecast.tsx","UI Component","D:\cbtc-final\cbtc-lms\components\portal\MilestoneForecast.tsx","OK","","False"
"PlaceholderPortal.tsx","UI Component","D:\cbtc-final\cbtc-lms\components\portal\PlaceholderPortal.tsx","OK","","False"
"PortalDashboard.tsx","UI Component","D:\cbtc-final\cbtc-lms\components\portal\PortalDashboard.tsx","OK","","False"
"BrandTheme.ts","UI Component","D:\cbtc-final\cbtc-lms\components\reports\BrandTheme.ts","OK","","False"
"DownloadReportButton.tsx","UI Component","D:\cbtc-final\cbtc-lms\components\reports\DownloadReportButton.tsx","OK","","False"
"MasterReport.tsx","UI Component","D:\cbtc-final\cbtc-lms\components\reports\MasterReport.tsx","OK","","False"
"AdaptiveProgressBar.tsx","UI Component","D:\cbtc-final\cbtc-lms\components\shared\AdaptiveProgressBar.tsx","OK","","False"
"CobelLogo.tsx","UI Component","D:\cbtc-final\cbtc-lms\components\shared\CobelLogo.tsx","OK","","False"
"EngineDemo.tsx","UI Component","D:\cbtc-final\cbtc-lms\components\shared\EngineDemo.tsx","OK","","False"
"OnboardingGuide.tsx","UI Component","D:\cbtc-final\cbtc-lms\components\shared\OnboardingGuide.tsx","OK","","False"
"AudioAssessment.tsx","UI Component","D:\cbtc-final\cbtc-lms\components\student\AudioAssessment.tsx","OK","","False"
"CertificateView.tsx","UI Component","D:\cbtc-final\cbtc-lms\components\student\CertificateView.tsx","OK","","False"
"IELTSProgress.tsx","UI Component","D:\cbtc-final\cbtc-lms\components\student\IELTSProgress.tsx","OK","","False"
"AssessmentUploader.tsx","UI Component","D:\cbtc-final\cbtc-lms\components\trainer\AssessmentUploader.tsx","OK","","False"
"VocalRecorder.tsx","UI Component","D:\cbtc-final\cbtc-lms\components\vocal\VocalRecorder.tsx","OK","","False"
"ActorNav.tsx","UI Component","D:\cbtc-final\cbtc-lms\components\ActorNav.tsx","OK","","False"
"ai-summary.tsx","UI Component","D:\cbtc-final\cbtc-lms\components\ai-summary.tsx","OK","","False"
"AnimatedLogo.tsx","UI Component","D:\cbtc-final\cbtc-lms\components\AnimatedLogo.tsx","OK","","False"
"batch-scan-modal.tsx","UI Component","D:\cbtc-final\cbtc-lms\components\batch-scan-modal.tsx","OK","","False"
"bilingual-fluency-chart.tsx","UI Component","D:\cbtc-final\cbtc-lms\components\bilingual-fluency-chart.tsx","OK","","False"
"BilingualText.tsx","UI Component","D:\cbtc-final\cbtc-lms\components\BilingualText.tsx","OK","","False"
"BrandedTranscript.tsx","UI Component","D:\cbtc-final\cbtc-lms\components\BrandedTranscript.tsx","OK","","False"
"BrandingVisual.tsx","UI Component","D:\cbtc-final\cbtc-lms\components\BrandingVisual.tsx","OK","","False"
"Certificate.tsx","UI Component","D:\cbtc-final\cbtc-lms\components\Certificate.tsx","OK","","False"
"CobelHeader.tsx","UI Component","D:\cbtc-final\cbtc-lms\components\CobelHeader.tsx","OK","","False"
"CobelIngestionEngine.tsx","UI Component","D:\cbtc-final\cbtc-lms\components\CobelIngestionEngine.tsx","OK","","False"
"CobelLogo.tsx","UI Component","D:\cbtc-final\cbtc-lms\components\CobelLogo.tsx","OK","","False"
"CourseCard.tsx","UI Component","D:\cbtc-final\cbtc-lms\components\CourseCard.tsx","OK","","False"
"CourseSidebar.tsx","UI Component","D:\cbtc-final\cbtc-lms\components\CourseSidebar.tsx","OK","","False"
"CourseSwitcher.tsx","UI Component","D:\cbtc-final\cbtc-lms\components\CourseSwitcher.tsx","OK","","False"
"export-report.tsx","UI Component","D:\cbtc-final\cbtc-lms\components\export-report.tsx","OK","","False"
"friction-heatmap.tsx","UI Component","D:\cbtc-final\cbtc-lms\components\friction-heatmap.tsx","OK","","False"
"HandwritingCanvas.tsx","UI Component","D:\cbtc-final\cbtc-lms\components\HandwritingCanvas.tsx","OK","","False"
"HandwritingIngestion.tsx","UI Component","D:\cbtc-final\cbtc-lms\components\HandwritingIngestion.tsx","OK","","False"
"HandwritingModule.tsx","UI Component","D:\cbtc-final\cbtc-lms\components\HandwritingModule.tsx","OK","","False"
"HandwritingUpload.tsx","UI Component","D:\cbtc-final\cbtc-lms\components\HandwritingUpload.tsx","OK","","False"
"HeroSection.tsx","UI Component","D:\cbtc-final\cbtc-lms\components\HeroSection.tsx","OK","","False"
"index.ts","UI Component","D:\cbtc-final\cbtc-lms\components\index.ts","OK","","False"
"leaderboard.tsx","UI Component","D:\cbtc-final\cbtc-lms\components\leaderboard.tsx","OK","","False"
"LoginUI.tsx","UI Component","D:\cbtc-final\cbtc-lms\components\LoginUI.tsx","OK","","False"
"logo.tsx","UI Component","D:\cbtc-final\cbtc-lms\components\logo.tsx","OK","","False"
"milestone-forecast.tsx","UI Component","D:\cbtc-final\cbtc-lms\components\milestone-forecast.tsx","OK","","False"
"MilestoneNotification.tsx","UI Component","D:\cbtc-final\cbtc-lms\components\MilestoneNotification.tsx","OK","","False"
"navigation.tsx","UI Component","D:\cbtc-final\cbtc-lms\components\navigation.tsx","OK","","False"
"OptimizationTracker.tsx","UI Component","D:\cbtc-final\cbtc-lms\components\OptimizationTracker.tsx","OK","","False"
"OralAssessment.tsx","UI Component","D:\cbtc-final\cbtc-lms\components\OralAssessment.tsx","OK","","False"
"PathMapper.tsx","UI Component","D:\cbtc-final\cbtc-lms\components\PathMapper.tsx","OK","","False"
"PathProjectionCard.tsx","UI Component","D:\cbtc-final\cbtc-lms\components\PathProjectionCard.tsx","OK","","False"
"PaymentGate.tsx","UI Component","D:\cbtc-final\cbtc-lms\components\PaymentGate.tsx","OK","","False"
"qr-generator.tsx","UI Component","D:\cbtc-final\cbtc-lms\components\qr-generator.tsx","OK","","False"
"ReportTemplate.tsx","UI Component","D:\cbtc-final\cbtc-lms\components\ReportTemplate.tsx","OK","","False"
"Sidebar.tsx","UI Component","D:\cbtc-final\cbtc-lms\components\Sidebar.tsx","OK","","False"
"StudentDashboardUI.tsx","UI Component","D:\cbtc-final\cbtc-lms\components\StudentDashboardUI.tsx","Issues Found","./MilestoneForecast","True"
"StudentHandwritingUpload.tsx","UI Component","D:\cbtc-final\cbtc-lms\components\StudentHandwritingUpload.tsx","OK","","False"
"StudentInviteModal.tsx","UI Component","D:\cbtc-final\cbtc-lms\components\StudentInviteModal.tsx","OK","","False"
"SupervisorDashboard.tsx","UI Component","D:\cbtc-final\cbtc-lms\components\SupervisorDashboard.tsx","OK","","False"
"TechnicalTermCloud.tsx","UI Component","D:\cbtc-final\cbtc-lms\components\TechnicalTermCloud.tsx","OK","","False"
"TechnologicalGrowthSummary.tsx","UI Component","D:\cbtc-final\cbtc-lms\components\TechnologicalGrowthSummary.tsx","OK","","False"
"TopNav.tsx","UI Component","D:\cbtc-final\cbtc-lms\components\TopNav.tsx","OK","","False"
"TrainerDashboard.tsx","UI Component","D:\cbtc-final\cbtc-lms\components\TrainerDashboard.tsx","OK","","False"
"TroubleshootingCircuit.tsx","UI Component","D:\cbtc-final\cbtc-lms\components\TroubleshootingCircuit.tsx","OK","","False"
"page.tsx","UI Component","D:\cbtc-final\cbtc-lms\conflict_backups\admin\assessment\soro\page.tsx","OK","","False"
"page.tsx","UI Component","D:\cbtc-final\cbtc-lms\conflict_backups\admin\assessments\soro\page.tsx","OK","","False"
"page.tsx","UI Component","D:\cbtc-final\cbtc-lms\conflict_backups\admin\assessments\page.tsx","OK","","False"
"page.tsx","UI Component","D:\cbtc-final\cbtc-lms\conflict_backups\admin\audit\page.tsx","OK","","False"
"page.tsx","UI Component","D:\cbtc-final\cbtc-lms\conflict_backups\admin\course\page.tsx","OK","","False"
"page.tsx","UI Component","D:\cbtc-final\cbtc-lms\conflict_backups\admin\course-map\page.tsx","OK","","False"
"page.tsx","UI Component","D:\cbtc-final\cbtc-lms\conflict_backups\admin\curriculum\page.tsx","OK","","False"
"page.tsx","UI Component","D:\cbtc-final\cbtc-lms\conflict_backups\admin\dashboard\page.tsx","OK","","False"
"DiagnosticClient.tsx","UI Component","D:\cbtc-final\cbtc-lms\conflict_backups\admin\diagnostic\DiagnosticClient.tsx","OK","","False"
"page.tsx","UI Component","D:\cbtc-final\cbtc-lms\conflict_backups\admin\diagnostic\page.tsx","OK","","False"
"page.tsx","UI Component","D:\cbtc-final\cbtc-lms\conflict_backups\admin\editor\page.tsx","OK","","False"
"page.tsx","UI Component","D:\cbtc-final\cbtc-lms\conflict_backups\admin\forecaster\page.tsx","OK","","False"
"page.tsx","UI Component","D:\cbtc-final\cbtc-lms\conflict_backups\admin\ingestion\page.tsx","OK","","False"
"page.tsx","UI Component","D:\cbtc-final\cbtc-lms\conflict_backups\admin\master-console\page.tsx","OK","","False"
"page.tsx","UI Component","D:\cbtc-final\cbtc-lms\conflict_backups\admin\reports\page.tsx","Issues Found","../.@/components/admin/OptimizationCard","True"
"page.tsx","UI Component","D:\cbtc-final\cbtc-lms\conflict_backups\admin\students\page.tsx","OK","","False"
"page.tsx","UI Component","D:\cbtc-final\cbtc-lms\conflict_backups\admin\trainer\page.tsx","OK","","False"
"page.tsx","UI Component","D:\cbtc-final\cbtc-lms\conflict_backups\admin\trainer-config\page.tsx","OK","","False"
"page.tsx","UI Component","D:\cbtc-final\cbtc-lms\conflict_backups\admin\vault\page.tsx","OK","","False"
"layout.tsx","UI Component","D:\cbtc-final\cbtc-lms\conflict_backups\admin\layout.tsx","OK","","False"
"page.tsx","UI Component","D:\cbtc-final\cbtc-lms\conflict_backups\admin\page.tsx","OK","","False"
"page.tsx","UI Component","D:\cbtc-final\cbtc-lms\conflict_backups\student\dashboard\page.tsx","OK","","False"
"page.tsx","UI Component","D:\cbtc-final\cbtc-lms\conflict_backups\student\page.tsx","OK","","False"
"page.tsx","UI Component","D:\cbtc-final\cbtc-lms\conflict_backups\trainer\dictionary\page.tsx","OK","","False"
"page.tsx","UI Component","D:\cbtc-final\cbtc-lms\conflict_backups\trainer\page.tsx","OK","","False"
"trainerAnalytics.ts","UI Component","D:\cbtc-final\cbtc-lms\conflict_backups\trainer\trainerAnalytics.ts","Issues Found","./pathMappingEngine","True"
"LanguageContext.tsx","UI Component","D:\cbtc-final\cbtc-lms\context\LanguageContext.tsx","OK","","False"
"LanguageContext.tsx","UI Component","D:\cbtc-final\cbtc-lms\contexts\LanguageContext.tsx","OK","","False"
"alignment_map.ts","UI Component","D:\cbtc-final\cbtc-lms\course-content\alignment_map.ts","OK","","False"
"useAssessments.ts","UI Component","D:\cbtc-final\cbtc-lms\hooks\useAssessments.ts","OK","","False"
"supabase-server.ts","UI Component","D:\cbtc-final\cbtc-lms\lib\supabase-server.ts","OK","","False"
"supabase.ts","UI Component","D:\cbtc-final\cbtc-lms\lib\supabase.ts","OK","","False"
"fs.d.ts","UI Component","D:\cbtc-final\cbtc-lms\nodemodules\@nodelib\fs.scandir\out\adapters\fs.d.ts","Issues Found","../types","True"
"async.d.ts","UI Component","D:\cbtc-final\cbtc-lms\nodemodules\@nodelib\fs.scandir\out\providers\async.d.ts","Issues Found","../settings; ../types","True"
"common.d.ts","UI Component","D:\cbtc-final\cbtc-lms\nodemodules\@nodelib\fs.scandir\out\providers\common.d.ts","OK","","False"
"sync.d.ts","UI Component","D:\cbtc-final\cbtc-lms\nodemodules\@nodelib\fs.scandir\out\providers\sync.d.ts","Issues Found","../settings; ../types","True"
"index.d.ts","UI Component","D:\cbtc-final\cbtc-lms\nodemodules\@nodelib\fs.scandir\out\types\index.d.ts","OK","","False"
"fs.d.ts","UI Component","D:\cbtc-final\cbtc-lms\nodemodules\@nodelib\fs.scandir\out\utils\fs.d.ts","Issues Found","../types","True"
"index.d.ts","UI Component","D:\cbtc-final\cbtc-lms\nodemodules\@nodelib\fs.scandir\out\utils\index.d.ts","Issues Found","./fs","True"
"constants.d.ts","UI Component","D:\cbtc-final\cbtc-lms\nodemodules\@nodelib\fs.scandir\out\constants.d.ts","OK","","False"
"index.d.ts","UI Component","D:\cbtc-final\cbtc-lms\nodemodules\@nodelib\fs.scandir\out\index.d.ts","Issues Found","./adapters/fs; ./providers/async; ./settings; ./types","True"
"settings.d.ts","UI Component","D:\cbtc-final\cbtc-lms\nodemodules\@nodelib\fs.scandir\out\settings.d.ts","Issues Found","./adapters/fs","True"
"fs.d.ts","UI Component","D:\cbtc-final\cbtc-lms\nodemodules\@nodelib\fs.stat\out\adapters\fs.d.ts","Issues Found","../types","True"
"async.d.ts","UI Component","D:\cbtc-final\cbtc-lms\nodemodules\@nodelib\fs.stat\out\providers\async.d.ts","Issues Found","../settings; ../types","True"
"sync.d.ts","UI Component","D:\cbtc-final\cbtc-lms\nodemodules\@nodelib\fs.stat\out\providers\sync.d.ts","Issues Found","../settings; ../types","True"
"index.d.ts","UI Component","D:\cbtc-final\cbtc-lms\nodemodules\@nodelib\fs.stat\out\types\index.d.ts","OK","","False"
"index.d.ts","UI Component","D:\cbtc-final\cbtc-lms\nodemodules\@nodelib\fs.stat\out\index.d.ts","Issues Found","./adapters/fs; ./providers/async; ./settings; ./types","True"
"settings.d.ts","UI Component","D:\cbtc-final\cbtc-lms\nodemodules\@nodelib\fs.stat\out\settings.d.ts","Issues Found","./adapters/fs","True"
"async.d.ts","UI Component","D:\cbtc-final\cbtc-lms\nodemodules\@nodelib\fs.walk\out\providers\async.d.ts","Issues Found","../readers/async; ../settings; ../types","True"
"index.d.ts","UI Component","D:\cbtc-final\cbtc-lms\nodemodules\@nodelib\fs.walk\out\providers\index.d.ts","Issues Found","./async; ./stream; ./sync","True"
"stream.d.ts","UI Component","D:\cbtc-final\cbtc-lms\nodemodules\@nodelib\fs.walk\out\providers\stream.d.ts","Issues Found","../readers/async; ../settings","True"
"sync.d.ts","UI Component","D:\cbtc-final\cbtc-lms\nodemodules\@nodelib\fs.walk\out\providers\sync.d.ts","Issues Found","../readers/sync; ../settings; ../types","True"
"async.d.ts","UI Component","D:\cbtc-final\cbtc-lms\nodemodules\@nodelib\fs.walk\out\readers\async.d.ts","Issues Found","../settings; ../types; ./reader","True"
"common.d.ts","UI Component","D:\cbtc-final\cbtc-lms\nodemodules\@nodelib\fs.walk\out\readers\common.d.ts","Issues Found","../settings; ../settings; ../types","True"
"reader.d.ts","UI Component","D:\cbtc-final\cbtc-lms\nodemodules\@nodelib\fs.walk\out\readers\reader.d.ts","Issues Found","../settings","True"
"sync.d.ts","UI Component","D:\cbtc-final\cbtc-lms\nodemodules\@nodelib\fs.walk\out\readers\sync.d.ts","Issues Found","../types; ./reader","True"
"index.d.ts","UI Component","D:\cbtc-final\cbtc-lms\nodemodules\@nodelib\fs.walk\out\types\index.d.ts","OK","","False"
"index.d.ts","UI Component","D:\cbtc-final\cbtc-lms\nodemodules\@nodelib\fs.walk\out\index.d.ts","Issues Found","./providers/async; ./settings; ./types","True"
"settings.d.ts","UI Component","D:\cbtc-final\cbtc-lms\nodemodules\@nodelib\fs.walk\out\settings.d.ts","Issues Found","./types","True"
"index.d.ts","UI Component","D:\cbtc-final\cbtc-lms\nodemodules\@typescript-eslint\eslint-plugin\node_modules\ignore\index.d.ts","OK","","False"
"assert-valid-pattern.d.ts","UI Component","D:\cbtc-final\cbtc-lms\nodemodules\@typescript-eslint\typescript-estree\node_modules\minimatch\dist\commonjs\assert-valid-pattern.d.ts","OK","","False"
"ast.d.ts","UI Component","D:\cbtc-final\cbtc-lms\nodemodules\@typescript-eslint\typescript-estree\node_modules\minimatch\dist\commonjs\ast.d.ts","Issues Found","./index.js","True"
"brace-expressions.d.ts","UI Component","D:\cbtc-final\cbtc-lms\nodemodules\@typescript-eslint\typescript-estree\node_modules\minimatch\dist\commonjs\brace-expressions.d.ts","OK","","False"
"escape.d.ts","UI Component","D:\cbtc-final\cbtc-lms\nodemodules\@typescript-eslint\typescript-estree\node_modules\minimatch\dist\commonjs\escape.d.ts","Issues Found","./index.js","True"
"index.d.ts","UI Component","D:\cbtc-final\cbtc-lms\nodemodules\@typescript-eslint\typescript-estree\node_modules\minimatch\dist\commonjs\index.d.ts","Issues Found","./ast.js","True"
"unescape.d.ts","UI Component","D:\cbtc-final\cbtc-lms\nodemodules\@typescript-eslint\typescript-estree\node_modules\minimatch\dist\commonjs\unescape.d.ts","Issues Found","./index.js","True"
"assert-valid-pattern.d.ts","UI Component","D:\cbtc-final\cbtc-lms\nodemodules\@typescript-eslint\typescript-estree\node_modules\minimatch\dist\esm\assert-valid-pattern.d.ts","OK","","False"
"ast.d.ts","UI Component","D:\cbtc-final\cbtc-lms\nodemodules\@typescript-eslint\typescript-estree\node_modules\minimatch\dist\esm\ast.d.ts","Issues Found","./index.js","True"
"brace-expressions.d.ts","UI Component","D:\cbtc-final\cbtc-lms\nodemodules\@typescript-eslint\typescript-estree\node_modules\minimatch\dist\esm\brace-expressions.d.ts","OK","","False"
"escape.d.ts","UI Component","D:\cbtc-final\cbtc-lms\nodemodules\@typescript-eslint\typescript-estree\node_modules\minimatch\dist\esm\escape.d.ts","Issues Found","./index.js","True"
"index.d.ts","UI Component","D:\cbtc-final\cbtc-lms\nodemodules\@typescript-eslint\typescript-estree\node_modules\minimatch\dist\esm\index.d.ts","Issues Found","./ast.js","True"
"unescape.d.ts","UI Component","D:\cbtc-final\cbtc-lms\nodemodules\@typescript-eslint\typescript-estree\node_modules\minimatch\dist\esm\unescape.d.ts","Issues Found","./index.js","True"
"index.d.ts","UI Component","D:\cbtc-final\cbtc-lms\nodemodules\@typescript-eslint\visitor-keys\node_modules\eslint-visitor-keys\dist\index.d.ts","Issues Found","./visitor-keys.js","True"
"visitor-keys.d.ts","UI Component","D:\cbtc-final\cbtc-lms\nodemodules\@typescript-eslint\visitor-keys\node_modules\eslint-visitor-keys\dist\visitor-keys.d.ts","OK","","False"
"index.d.ts","UI Component","D:\cbtc-final\cbtc-lms\nodemodules\eslint\node_modules\eslint-visitor-keys\dist\index.d.ts","Issues Found","./visitor-keys.js","True"
"visitor-keys.d.ts","UI Component","D:\cbtc-final\cbtc-lms\nodemodules\eslint\node_modules\eslint-visitor-keys\dist\visitor-keys.d.ts","OK","","False"
"index.d.ts","UI Component","D:\cbtc-final\cbtc-lms\nodemodules\espree\node_modules\eslint-visitor-keys\dist\index.d.ts","Issues Found","./visitor-keys.js","True"
"visitor-keys.d.ts","UI Component","D:\cbtc-final\cbtc-lms\nodemodules\espree\node_modules\eslint-visitor-keys\dist\visitor-keys.d.ts","OK","","False"
"tasks.d.ts","UI Component","D:\cbtc-final\cbtc-lms\nodemodules\fast-glob\out\managers\tasks.d.ts","Issues Found","../settings; ../types","True"
"deep.d.ts","UI Component","D:\cbtc-final\cbtc-lms\nodemodules\fast-glob\out\providers\filters\deep.d.ts","Issues Found","../../types; ../../settings","True"
"entry.d.ts","UI Component","D:\cbtc-final\cbtc-lms\nodemodules\fast-glob\out\providers\filters\entry.d.ts","Issues Found","../../settings; ../../types","True"
"error.d.ts","UI Component","D:\cbtc-final\cbtc-lms\nodemodules\fast-glob\out\providers\filters\error.d.ts","Issues Found","../../settings; ../../types","True"
"matcher.d.ts","UI Component","D:\cbtc-final\cbtc-lms\nodemodules\fast-glob\out\providers\matchers\matcher.d.ts","Issues Found","../../types; ../../settings","True"
"partial.d.ts","UI Component","D:\cbtc-final\cbtc-lms\nodemodules\fast-glob\out\providers\matchers\partial.d.ts","Issues Found","./matcher","True"
"entry.d.ts","UI Component","D:\cbtc-final\cbtc-lms\nodemodules\fast-glob\out\providers\transformers\entry.d.ts","Issues Found","../../settings; ../../types","True"
"async.d.ts","UI Component","D:\cbtc-final\cbtc-lms\nodemodules\fast-glob\out\providers\async.d.ts","Issues Found","../managers/tasks; ../types; ../readers/async; ./provider","True"
"provider.d.ts","UI Component","D:\cbtc-final\cbtc-lms\nodemodules\fast-glob\out\providers\provider.d.ts","Issues Found","../managers/tasks; ../settings; ../types; ./filters/deep; ./filters/entry; ./filters/error; ./transformers/entry","True"
"stream.d.ts","UI Component","D:\cbtc-final\cbtc-lms\nodemodules\fast-glob\out\providers\stream.d.ts","Issues Found","../managers/tasks; ../readers/stream; ../types; ./provider","True"
"sync.d.ts","UI Component","D:\cbtc-final\cbtc-lms\nodemodules\fast-glob\out\providers\sync.d.ts","Issues Found","../managers/tasks; ../readers/sync; ../types; ./provider","True"
"async.d.ts","UI Component","D:\cbtc-final\cbtc-lms\nodemodules\fast-glob\out\readers\async.d.ts","Issues Found","../types; ./reader; ./stream","True"
"reader.d.ts","UI Component","D:\cbtc-final\cbtc-lms\nodemodules\fast-glob\out\readers\reader.d.ts","Issues Found","../settings; ../types","True"
"stream.d.ts","UI Component","D:\cbtc-final\cbtc-lms\nodemodules\fast-glob\out\readers\stream.d.ts","Issues Found","../types; ./reader","True"
"sync.d.ts","UI Component","D:\cbtc-final\cbtc-lms\nodemodules\fast-glob\out\readers\sync.d.ts","Issues Found","../types; ./reader","True"
"index.d.ts","UI Component","D:\cbtc-final\cbtc-lms\nodemodules\fast-glob\out\types\index.d.ts","OK","","False"
"array.d.ts","UI Component","D:\cbtc-final\cbtc-lms\nodemodules\fast-glob\out\utils\array.d.ts","OK","","False"
"errno.d.ts","UI Component","D:\cbtc-final\cbtc-lms\nodemodules\fast-glob\out\utils\errno.d.ts","Issues Found","../types","True"
"fs.d.ts","UI Component","D:\cbtc-final\cbtc-lms\nodemodules\fast-glob\out\utils\fs.d.ts","OK","","False"
"index.d.ts","UI Component","D:\cbtc-final\cbtc-lms\nodemodules\fast-glob\out\utils\index.d.ts","Issues Found","./array; ./errno; ./fs; ./path; ./pattern; ./stream; ./string","True"
"path.d.ts","UI Component","D:\cbtc-final\cbtc-lms\nodemodules\fast-glob\out\utils\path.d.ts","Issues Found","../types","True"
"pattern.d.ts","UI Component","D:\cbtc-final\cbtc-lms\nodemodules\fast-glob\out\utils\pattern.d.ts","Issues Found","../types","True"
"stream.d.ts","UI Component","D:\cbtc-final\cbtc-lms\nodemodules\fast-glob\out\utils\stream.d.ts","OK","","False"
"string.d.ts","UI Component","D:\cbtc-final\cbtc-lms\nodemodules\fast-glob\out\utils\string.d.ts","OK","","False"
"index.d.ts","UI Component","D:\cbtc-final\cbtc-lms\nodemodules\fast-glob\out\index.d.ts","Issues Found","./managers/tasks; ./settings; ./types","True"
"settings.d.ts","UI Component","D:\cbtc-final\cbtc-lms\nodemodules\fast-glob\out\settings.d.ts","Issues Found","./types","True"
"assert-valid-pattern.d.ts","UI Component","D:\cbtc-final\cbtc-lms\nodemodules\glob\node_modules\minimatch\dist\commonjs\assert-valid-pattern.d.ts","OK","","False"
"ast.d.ts","UI Component","D:\cbtc-final\cbtc-lms\nodemodules\glob\node_modules\minimatch\dist\commonjs\ast.d.ts","Issues Found","./index.js","True"
"brace-expressions.d.ts","UI Component","D:\cbtc-final\cbtc-lms\nodemodules\glob\node_modules\minimatch\dist\commonjs\brace-expressions.d.ts","OK","","False"
"escape.d.ts","UI Component","D:\cbtc-final\cbtc-lms\nodemodules\glob\node_modules\minimatch\dist\commonjs\escape.d.ts","Issues Found","./index.js","True"
"index.d.ts","UI Component","D:\cbtc-final\cbtc-lms\nodemodules\glob\node_modules\minimatch\dist\commonjs\index.d.ts","Issues Found","./ast.js","True"
"unescape.d.ts","UI Component","D:\cbtc-final\cbtc-lms\nodemodules\glob\node_modules\minimatch\dist\commonjs\unescape.d.ts","Issues Found","./index.js","True"
"assert-valid-pattern.d.ts","UI Component","D:\cbtc-final\cbtc-lms\nodemodules\glob\node_modules\minimatch\dist\esm\assert-valid-pattern.d.ts","OK","","False"
"ast.d.ts","UI Component","D:\cbtc-final\cbtc-lms\nodemodules\glob\node_modules\minimatch\dist\esm\ast.d.ts","Issues Found","./index.js","True"
"brace-expressions.d.ts","UI Component","D:\cbtc-final\cbtc-lms\nodemodules\glob\node_modules\minimatch\dist\esm\brace-expressions.d.ts","OK","","False"
"escape.d.ts","UI Component","D:\cbtc-final\cbtc-lms\nodemodules\glob\node_modules\minimatch\dist\esm\escape.d.ts","Issues Found","./index.js","True"
"index.d.ts","UI Component","D:\cbtc-final\cbtc-lms\nodemodules\glob\node_modules\minimatch\dist\esm\index.d.ts","Issues Found","./ast.js","True"
"unescape.d.ts","UI Component","D:\cbtc-final\cbtc-lms\nodemodules\glob\node_modules\minimatch\dist\esm\unescape.d.ts","Issues Found","./index.js","True"
"index.d.ts","UI Component","D:\cbtc-final\cbtc-lms\nodemodules\lines-and-columns\build\index.d.ts","OK","","False"
"extract-const-value.d.ts","UI Component","D:\cbtc-final\cbtc-lms\nodemodules\next\dist\build\analysis\extract-const-value.d.ts","OK","","False"
"get-page-static-info.d.ts","UI Component","D:\cbtc-final\cbtc-lms\nodemodules\next\dist\build\analysis\get-page-static-info.d.ts","Issues Found","../../server/config-shared; ../@/lib/load-custom-routes; ../webpack/loaders/get-module-build-info; ../@/lib/page-types","True"
"parse-module.d.ts","UI Component","D:\cbtc-final\cbtc-lms\nodemodules\next\dist\build\analysis\parse-module.d.ts","OK","","False"
"get-config.d.ts","UI Component","D:\cbtc-final\cbtc-lms\nodemodules\next\dist\build\babel\loader\get-config.d.ts","Issues Found","./types","True"
"index.d.ts","UI Component","D:\cbtc-final\cbtc-lms\nodemodules\next\dist\build\babel\loader\index.d.ts","Issues Found","./types","True"
"transform.d.ts","UI Component","D:\cbtc-final\cbtc-lms\nodemodules\next\dist\build\babel\loader\transform.d.ts","Issues Found","../../../trace; ./types","True"
"types.d.ts","UI Component","D:\cbtc-final\cbtc-lms\nodemodules\next\dist\build\babel\loader\types.d.ts","Issues Found","../../../trace","True"
"util.d.ts","UI Component","D:\cbtc-final\cbtc-lms\nodemodules\next\dist\build\babel\loader\util.d.ts","OK","","False"
"amp-attributes.d.ts","UI Component","D:\cbtc-final\cbtc-lms\nodemodules\next\dist\build\babel\plugins\amp-attributes.d.ts","OK","","False"
"commonjs.d.ts","UI Component","D:\cbtc-final\cbtc-lms\nodemodules\next\dist\build\babel\plugins\commonjs.d.ts","OK","","False"
"jsx-pragma.d.ts","UI Component","D:\cbtc-final\cbtc-lms\nodemodules\next\dist\build\babel\plugins\jsx-pragma.d.ts","OK","","False"
"next-font-unsupported.d.ts","UI Component","D:\cbtc-final\cbtc-lms\nodemodules\next\dist\build\babel\plugins\next-font-unsupported.d.ts","OK","","False"
"next-page-config.d.ts","UI Component","D:\cbtc-final\cbtc-lms\nodemodules\next\dist\build\babel\plugins\next-page-config.d.ts","OK","","False"
"next-page-disallow-re-export-all-exports.d.ts","UI Component","D:\cbtc-final\cbtc-lms\nodemodules\next\dist\build\babel\plugins\next-page-disallow-re-export-all-exports.d.ts","OK","","False"
"next-ssg-transform.d.ts","UI Component","D:\cbtc-final\cbtc-lms\nodemodules\next\dist\build\babel\plugins\next-ssg-transform.d.ts","OK","","False"
"optimize-hook-destructuring.d.ts","UI Component","D:\cbtc-final\cbtc-lms\nodemodules\next\dist\build\babel\plugins\optimize-hook-destructuring.d.ts","OK","","False"
"react-loadable-plugin.d.ts","UI Component","D:\cbtc-final\cbtc-lms\nodemodules\next\dist\build\babel\plugins\react-loadable-plugin.d.ts","OK","","False"
"preset.d.ts","UI Component","D:\cbtc-final\cbtc-lms\nodemodules\next\dist\build\babel\preset.d.ts","OK","","False"
"empty.d.ts","UI Component","D:\cbtc-final\cbtc-lms\nodemodules\next\dist\build\jest\__mocks__\empty.d.ts","OK","","False"
"fileMock.d.ts","UI Component","D:\cbtc-final\cbtc-lms\nodemodules\next\dist\build\jest\__mocks__\fileMock.d.ts","OK","","False"
"nextFontMock.d.ts","UI Component","D:\cbtc-final\cbtc-lms\nodemodules\next\dist\build\jest\__mocks__\nextFontMock.d.ts","OK","","False"
"styleMock.d.ts","UI Component","D:\cbtc-final\cbtc-lms\nodemodules\next\dist\build\jest\__mocks__\styleMock.d.ts","OK","","False"
"jest.d.ts","UI Component","D:\cbtc-final\cbtc-lms\nodemodules\next\dist\build\jest\jest.d.ts","OK","","False"
"object-proxy.d.ts","UI Component","D:\cbtc-final\cbtc-lms\nodemodules\next\dist\build\jest\object-proxy.d.ts","OK","","False"
"format-manifest.d.ts","UI Component","D:\cbtc-final\cbtc-lms\nodemodules\next\dist\build\manifests\formatter\format-manifest.d.ts","OK","","False"
"index.d.ts","UI Component","D:\cbtc-final\cbtc-lms\nodemodules\next\dist\build\output\index.d.ts","OK","","False"
"log.d.ts","UI Component","D:\cbtc-final\cbtc-lms\nodemodules\next\dist\build\output\log.d.ts","OK","","False"
"store.d.ts","UI Component","D:\cbtc-final\cbtc-lms\nodemodules\next\dist\build\output\store.d.ts","OK","","False"
"index.d.ts","UI Component","D:\cbtc-final\cbtc-lms\nodemodules\next\dist\build\polyfills\fetch\index.d.ts","OK","","False"
"whatwg-fetch.d.ts","UI Component","D:\cbtc-final\cbtc-lms\nodemodules\next\dist\build\polyfills\fetch\whatwg-fetch.d.ts","OK","","False"
"auto.d.ts","UI Component","D:\cbtc-final\cbtc-lms\nodemodules\next\dist\build\polyfills\object.assign\auto.d.ts","OK","","False"
"implementation.d.ts","UI Component","D:\cbtc-final\cbtc-lms\nodemodules\next\dist\build\polyfills\object.assign\implementation.d.ts","OK","","False"
"index.d.ts","UI Component","D:\cbtc-final\cbtc-lms\nodemodules\next\dist\build\polyfills\object.assign\index.d.ts","OK","","False"
"polyfill.d.ts","UI Component","D:\cbtc-final\cbtc-lms\nodemodules\next\dist\build\polyfills\object.assign\polyfill.d.ts","OK","","False"
"shim.d.ts","UI Component","D:\cbtc-final\cbtc-lms\nodemodules\next\dist\build\polyfills\object.assign\shim.d.ts","OK","","False"
"object-assign.d.ts","UI Component","D:\cbtc-final\cbtc-lms\nodemodules\next\dist\build\polyfills\object-assign.d.ts","OK","","False"
"process.d.ts","UI Component","D:\cbtc-final\cbtc-lms\nodemodules\next\dist\build\polyfills\process.d.ts","OK","","False"
"helpers.d.ts","UI Component","D:\cbtc-final\cbtc-lms\nodemodules\next\dist\build\swc\helpers.d.ts","OK","","False"
"index.d.ts","UI Component","D:\cbtc-final\cbtc-lms\nodemodules\next\dist\build\swc\index.d.ts","Issues Found","../../server/config-shared; ../webpack/plugins/define-env-plugin; ../../server/api-utils","True"
"jest-transformer.d.ts","UI Component","D:\cbtc-final\cbtc-lms\nodemodules\next\dist\build\swc\jest-transformer.d.ts","Issues Found","../../server/config-shared; ../load-jsconfig","True"
"options.d.ts","UI Component","D:\cbtc-final\cbtc-lms\nodemodules\next\dist\build\swc\options.d.ts","Issues Found","../@/lib/constants; ../../server/config-shared; ../load-jsconfig","True"
"app-page.d.ts","UI Component","D:\cbtc-final\cbtc-lms\nodemodules\next\dist\build\templates\app-page.d.ts","Issues Found","../../server/lib/app-dir-module; ../../server/future/route-modules/app-page/module.compiled","True"
"app-route.d.ts","UI Component","D:\cbtc-final\cbtc-lms\nodemodules\next\dist\build\templates\app-route.d.ts","Issues Found","../../server/future/route-modules/app-route/module.compiled","True"
"edge-app-route.d.ts","UI Component","D:\cbtc-final\cbtc-lms\nodemodules\next\dist\build\templates\edge-app-route.d.ts","OK","","False"
"edge-ssr-app.d.ts","UI Component","D:\cbtc-final\cbtc-lms\nodemodules\next\dist\build\templates\edge-ssr-app.d.ts","Issues Found","../../server/web/globals; ../../server/web/types","True"
"edge-ssr.d.ts","UI Component","D:\cbtc-final\cbtc-lms\nodemodules\next\dist\build\templates\edge-ssr.d.ts","Issues Found","../../server/web/globals; ../../server/web/types","True"
"helpers.d.ts","UI Component","D:\cbtc-final\cbtc-lms\nodemodules\next\dist\build\templates\helpers.d.ts","OK","","False"
"middleware.d.ts","UI Component","D:\cbtc-final\cbtc-lms\nodemodules\next\dist\build\templates\middleware.d.ts","Issues Found","../../server/web/adapter; ../../server/web/globals","True"
"pages-api.d.ts","UI Component","D:\cbtc-final\cbtc-lms\nodemodules\next\dist\build\templates\pages-api.d.ts","Issues Found","../../server/future/route-modules/pages-api/module.compiled","True"
"pages-edge-api.d.ts","UI Component","D:\cbtc-final\cbtc-lms\nodemodules\next\dist\build\templates\pages-edge-api.d.ts","Issues Found","../../server/web/adapter; ../../server/web/globals","True"
"pages.d.ts","UI Component","D:\cbtc-final\cbtc-lms\nodemodules\next\dist\build\templates\pages.d.ts","Issues Found","../../server/future/route-modules/pages/module.compiled","True"
"env.d.ts","UI Component","D:\cbtc-final\cbtc-lms\nodemodules\next\dist\build\turborepo-access-trace\env.d.ts","Issues Found","./types","True"
"helpers.d.ts","UI Component","D:\cbtc-final\cbtc-lms\nodemodules\next\dist\build\turborepo-access-trace\helpers.d.ts","Issues Found","./result","True"
"index.d.ts","UI Component","D:\cbtc-final\cbtc-lms\nodemodules\next\dist\build\turborepo-access-trace\index.d.ts","OK","","False"
"result.d.ts","UI Component","D:\cbtc-final\cbtc-lms\nodemodules\next\dist\build\turborepo-access-trace\result.d.ts","Issues Found","./types","True"
"tcp.d.ts","UI Component","D:\cbtc-final\cbtc-lms\nodemodules\next\dist\build\turborepo-access-trace\tcp.d.ts","Issues Found","./types","True"
"types.d.ts","UI Component","D:\cbtc-final\cbtc-lms\nodemodules\next\dist\build\turborepo-access-trace\types.d.ts","OK","","False"
"client.d.ts","UI Component","D:\cbtc-final\cbtc-lms\nodemodules\next\dist\build\webpack\config\blocks\css\loaders\client.d.ts","OK","","False"
"file-resolve.d.ts","UI Component","D:\cbtc-final\cbtc-lms\nodemodules\next\dist\build\webpack\config\blocks\css\loaders\file-resolve.d.ts","OK","","False"
"getCssModuleLocalIdent.d.ts","UI Component","D:\cbtc-final\cbtc-lms\nodemodules\next\dist\build\webpack\config\blocks\css\loaders\getCssModuleLocalIdent.d.ts","OK","","False"
"global.d.ts","UI Component","D:\cbtc-final\cbtc-lms\nodemodules\next\dist\build\webpack\config\blocks\css\loaders\global.d.ts","Issues Found","../../../utils","True"
"index.d.ts","UI Component","D:\cbtc-final\cbtc-lms\nodemodules\next\dist\build\webpack\config\blocks\css\loaders\index.d.ts","OK","","False"
"modules.d.ts","UI Component","D:\cbtc-final\cbtc-lms\nodemodules\next\dist\build\webpack\config\blocks\css\loaders\modules.d.ts","Issues Found","../../../utils","True"
"next-font.d.ts","UI Component","D:\cbtc-final\cbtc-lms\nodemodules\next\dist\build\webpack\config\blocks\css\loaders\next-font.d.ts","Issues Found","../../../utils","True"
"index.d.ts","UI Component","D:\cbtc-final\cbtc-lms\nodemodules\next\dist\build\webpack\config\blocks\css\index.d.ts","Issues Found","../../utils","True"
"messages.d.ts","UI Component","D:\cbtc-final\cbtc-lms\nodemodules\next\dist\build\webpack\config\blocks\css\messages.d.ts","OK","","False"
"plugins.d.ts","UI Component","D:\cbtc-final\cbtc-lms\nodemodules\next\dist\build\webpack\config\blocks\css\plugins.d.ts","OK","","False"
"index.d.ts","UI Component","D:\cbtc-final\cbtc-lms\nodemodules\next\dist\build\webpack\config\blocks\images\index.d.ts","Issues Found","../../utils","True"
"messages.d.ts","UI Component","D:\cbtc-final\cbtc-lms\nodemodules\next\dist\build\webpack\config\blocks\images\messages.d.ts","OK","","False"
"base.d.ts","UI Component","D:\cbtc-final\cbtc-lms\nodemodules\next\dist\build\webpack\config\blocks\base.d.ts","Issues Found","../utils","True"
"helpers.d.ts","UI Component","D:\cbtc-final\cbtc-lms\nodemodules\next\dist\build\webpack\config\helpers.d.ts","OK","","False"
"index.d.ts","UI Component","D:\cbtc-final\cbtc-lms\nodemodules\next\dist\build\webpack\config\index.d.ts","Issues Found","../../../server/config-shared","True"
"utils.d.ts","UI Component","D:\cbtc-final\cbtc-lms\nodemodules\next\dist\build\webpack\config\utils.d.ts","Issues Found","../../../server/config-shared","True"
"index.d.ts","UI Component","D:\cbtc-final\cbtc-lms\nodemodules\next\dist\build\webpack\loaders\css-loader\src\plugins\index.d.ts","Issues Found","./postcss-import-parser; ./postcss-icss-parser; ./postcss-url-parser","True"
"postcss-icss-parser.d.ts","UI Component","D:\cbtc-final\cbtc-lms\nodemodules\next\dist\build\webpack\loaders\css-loader\src\plugins\postcss-icss-parser.d.ts","OK","","False"
"postcss-import-parser.d.ts","UI Component","D:\cbtc-final\cbtc-lms\nodemodules\next\dist\build\webpack\loaders\css-loader\src\plugins\postcss-import-parser.d.ts","OK","","False"
"postcss-url-parser.d.ts","UI Component","D:\cbtc-final\cbtc-lms\nodemodules\next\dist\build\webpack\loaders\css-loader\src\plugins\postcss-url-parser.d.ts","OK","","False"
"api.d.ts","UI Component","D:\cbtc-final\cbtc-lms\nodemodules\next\dist\build\webpack\loaders\css-loader\src\runtime\api.d.ts","OK","","False"
"getUrl.d.ts","UI Component","D:\cbtc-final\cbtc-lms\nodemodules\next\dist\build\webpack\loaders\css-loader\src\runtime\getUrl.d.ts","OK","","False"
"camelcase.d.ts","UI Component","D:\cbtc-final\cbtc-lms\nodemodules\next\dist\build\webpack\loaders\css-loader\src\camelcase.d.ts","OK","","False"
"CssSyntaxError.d.ts","UI Component","D:\cbtc-final\cbtc-lms\nodemodules\next\dist\build\webpack\loaders\css-loader\src\CssSyntaxError.d.ts","OK","","False"
"index.d.ts","UI Component","D:\cbtc-final\cbtc-lms\nodemodules\next\dist\build\webpack\loaders\css-loader\src\index.d.ts","OK","","False"
"utils.d.ts","UI Component","D:\cbtc-final\cbtc-lms\nodemodules\next\dist\build\webpack\loaders\css-loader\src\utils.d.ts","OK","","False"
"codegen.d.ts","UI Component","D:\cbtc-final\cbtc-lms\nodemodules\next\dist\build\webpack\loaders\lightningcss-loader\src\codegen.d.ts","OK","","False"
"index.d.ts","UI Component","D:\cbtc-final\cbtc-lms\nodemodules\next\dist\build\webpack\loaders\lightningcss-loader\src\index.d.ts","Issues Found","./loader","True"
"interface.d.ts","UI Component","D:\cbtc-final\cbtc-lms\nodemodules\next\dist\build\webpack\loaders\lightningcss-loader\src\interface.d.ts","OK","","False"
"loader.d.ts","UI Component","D:\cbtc-final\cbtc-lms\nodemodules\next\dist\build\webpack\loaders\lightningcss-loader\src\loader.d.ts","OK","","False"
"minify.d.ts","UI Component","D:\cbtc-final\cbtc-lms\nodemodules\next\dist\build\webpack\loaders\lightningcss-loader\src\minify.d.ts","OK","","False"
"utils.d.ts","UI Component","D:\cbtc-final\cbtc-lms\nodemodules\next\dist\build\webpack\loaders\lightningcss-loader\src\utils.d.ts","OK","","False"
"discover.d.ts","UI Component","D:\cbtc-final\cbtc-lms\nodemodules\next\dist\build\webpack\loaders\metadata\discover.d.ts","Issues Found","./types; ../next-app-loader; ../../../page-extensions-type","True"
"resolve-route-data.d.ts","UI Component","D:\cbtc-final\cbtc-lms\nodemodules\next\dist\build\webpack\loaders\metadata\resolve-route-data.d.ts","Issues Found","../../../@/lib/metadata/types/metadata-interface","True"
"resolve-route-data.test.d.ts","UI Component","D:\cbtc-final\cbtc-lms\nodemodules\next\dist\build\webpack\loaders\metadata\resolve-route-data.test.d.ts","OK","","False"
"types.d.ts","UI Component","D:\cbtc-final\cbtc-lms\nodemodules\next\dist\build\webpack\loaders\metadata\types.d.ts","OK","","False"
"index.d.ts","UI Component","D:\cbtc-final\cbtc-lms\nodemodules\next\dist\build\webpack\loaders\next-edge-app-route-loader\index.d.ts","Issues Found","../../../../server/config-shared","True"
"index.d.ts","UI Component","D:\cbtc-final\cbtc-lms\nodemodules\next\dist\build\webpack\loaders\next-edge-ssr-loader\index.d.ts","Issues Found","../../../../../types; ../../../@/lib/page-types","True"
"render.d.ts","UI Component","D:\cbtc-final\cbtc-lms\nodemodules\next\dist\build\webpack\loaders\next-edge-ssr-loader\render.d.ts","Issues Found","../../../../server/config-shared; ../../../../shared/lib/utils; ../../../../server/get-page-files; ../../../../server/load-components; ../../plugins/flight-manifest-plugin; ../../plugins/next-font-manifest-plugin; ../../../../server/web/spec-extension/fetch-event; ../../..; ../../../../../types; ../../../@/lib/page-types; ../../../../server/web/adapter","True"
"action-client-wrapper.d.ts","UI Component","D:\cbtc-final\cbtc-lms\nodemodules\next\dist\build\webpack\loaders\next-flight-loader\action-client-wrapper.d.ts","OK","","False"
"action-validate.d.ts","UI Component","D:\cbtc-final\cbtc-lms\nodemodules\next\dist\build\webpack\loaders\next-flight-loader\action-validate.d.ts","OK","","False"
"index.d.ts","UI Component","D:\cbtc-final\cbtc-lms\nodemodules\next\dist\build\webpack\loaders\next-flight-loader\index.d.ts","OK","","False"
"module-proxy.d.ts","UI Component","D:\cbtc-final\cbtc-lms\nodemodules\next\dist\build\webpack\loaders\next-flight-loader\module-proxy.d.ts","OK","","False"
"server-reference.d.ts","UI Component","D:\cbtc-final\cbtc-lms\nodemodules\next\dist\build\webpack\loaders\next-flight-loader\server-reference.d.ts","OK","","False"
"index.d.ts","UI Component","D:\cbtc-final\cbtc-lms\nodemodules\next\dist\build\webpack\loaders\next-font-loader\index.d.ts","OK","","False"
"postcss-next-font.d.ts","UI Component","D:\cbtc-final\cbtc-lms\nodemodules\next\dist\build\webpack\loaders\next-font-loader\postcss-next-font.d.ts","Issues Found","../../../../../font","True"
"blur.d.ts","UI Component","D:\cbtc-final\cbtc-lms\nodemodules\next\dist\build\webpack\loaders\next-image-loader\blur.d.ts","OK","","False"
"index.d.ts","UI Component","D:\cbtc-final\cbtc-lms\nodemodules\next\dist\build\webpack\loaders\next-image-loader\index.d.ts","OK","","False"
"index.d.ts","UI Component","D:\cbtc-final\cbtc-lms\nodemodules\next\dist\build\webpack\loaders\next-route-loader\index.d.ts","Issues Found","../../../analysis/get-page-static-info; ../../../../server/future/route-kind; ../../../build-context","True"
"injectStylesIntoLinkTag.d.ts","UI Component","D:\cbtc-final\cbtc-lms\nodemodules\next\dist\build\webpack\loaders\next-style-loader\runtime\injectStylesIntoLinkTag.d.ts","OK","","False"
"injectStylesIntoStyleTag.d.ts","UI Component","D:\cbtc-final\cbtc-lms\nodemodules\next\dist\build\webpack\loaders\next-style-loader\runtime\injectStylesIntoStyleTag.d.ts","OK","","False"
"isEqualLocals.d.ts","UI Component","D:\cbtc-final\cbtc-lms\nodemodules\next\dist\build\webpack\loaders\next-style-loader\runtime\isEqualLocals.d.ts","OK","","False"
"index.d.ts","UI Component","D:\cbtc-final\cbtc-lms\nodemodules\next\dist\build\webpack\loaders\next-style-loader\index.d.ts","OK","","False"
"Error.d.ts","UI Component","D:\cbtc-final\cbtc-lms\nodemodules\next\dist\build\webpack\loaders\postcss-loader\src\Error.d.ts","OK","","False"
"index.d.ts","UI Component","D:\cbtc-final\cbtc-lms\nodemodules\next\dist\build\webpack\loaders\postcss-loader\src\index.d.ts","OK","","False"
"utils.d.ts","UI Component","D:\cbtc-final\cbtc-lms\nodemodules\next\dist\build\webpack\loaders\postcss-loader\src\utils.d.ts","OK","","False"
"Warning.d.ts","UI Component","D:\cbtc-final\cbtc-lms\nodemodules\next\dist\build\webpack\loaders\postcss-loader\src\Warning.d.ts","OK","","False"
"file-protocol.d.ts","UI Component","D:\cbtc-final\cbtc-lms\nodemodules\next\dist\build\webpack\loaders\resolve-url-loader\lib\file-protocol.d.ts","OK","","False"
"join-function.d.ts","UI Component","D:\cbtc-final\cbtc-lms\nodemodules\next\dist\build\webpack\loaders\resolve-url-loader\lib\join-function.d.ts","OK","","False"
"postcss.d.ts","UI Component","D:\cbtc-final\cbtc-lms\nodemodules\next\dist\build\webpack\loaders\resolve-url-loader\lib\postcss.d.ts","OK","","False"
"value-processor.d.ts","UI Component","D:\cbtc-final\cbtc-lms\nodemodules\next\dist\build\webpack\loaders\resolve-url-loader\lib\value-processor.d.ts","OK","","False"
"index.d.ts","UI Component","D:\cbtc-final\cbtc-lms\nodemodules\next\dist\build\webpack\loaders\resolve-url-loader\index.d.ts","OK","","False"
"empty-loader.d.ts","UI Component","D:\cbtc-final\cbtc-lms\nodemodules\next\dist\build\webpack\loaders\empty-loader.d.ts","OK","","False"
"error-loader.d.ts","UI Component","D:\cbtc-final\cbtc-lms\nodemodules\next\dist\build\webpack\loaders\error-loader.d.ts","OK","","False"
"get-module-build-info.d.ts","UI Component","D:\cbtc-final\cbtc-lms\nodemodules\next\dist\build\webpack\loaders\get-module-build-info.d.ts","Issues Found","../../analysis/get-page-static-info","True"
"modularize-import-loader.d.ts","UI Component","D:\cbtc-final\cbtc-lms\nodemodules\next\dist\build\webpack\loaders\modularize-import-loader.d.ts","OK","","False"
"next-app-loader.d.ts","UI Component","D:\cbtc-final\cbtc-lms\nodemodules\next\dist\build\webpack\loaders\next-app-loader.d.ts","Issues Found","../../../shared/lib/constants; ./metadata/types; ../../../server/config-shared; ../../page-extensions-type","True"
"next-barrel-loader.d.ts","UI Component","D:\cbtc-final\cbtc-lms\nodemodules\next\dist\build\webpack\loaders\next-barrel-loader.d.ts","Issues Found","./module-a' => '[""b"", ""./module-a"", ""a""]","True"
"next-client-pages-loader.d.ts","UI Component","D:\cbtc-final\cbtc-lms\nodemodules\next\dist\build\webpack\loaders\next-client-pages-loader.d.ts","OK","","False"
"next-edge-function-loader.d.ts","UI Component","D:\cbtc-final\cbtc-lms\nodemodules\next\dist\build\webpack\loaders\next-edge-function-loader.d.ts","OK","","False"
"next-error-browser-binary-loader.d.ts","UI Component","D:\cbtc-final\cbtc-lms\nodemodules\next\dist\build\webpack\loaders\next-error-browser-binary-loader.d.ts","OK","","False"
"next-flight-action-entry-loader.d.ts","UI Component","D:\cbtc-final\cbtc-lms\nodemodules\next\dist\build\webpack\loaders\next-flight-action-entry-loader.d.ts","OK","","False"
"next-flight-client-entry-loader.d.ts","UI Component","D:\cbtc-final\cbtc-lms\nodemodules\next\dist\build\webpack\loaders\next-flight-client-entry-loader.d.ts","OK","","False"
"next-flight-client-module-loader.d.ts","UI Component","D:\cbtc-final\cbtc-lms\nodemodules\next\dist\build\webpack\loaders\next-flight-client-module-loader.d.ts","OK","","False"
"next-flight-css-loader.d.ts","UI Component","D:\cbtc-final\cbtc-lms\nodemodules\next\dist\build\webpack\loaders\next-flight-css-loader.d.ts","OK","","False"
"next-invalid-import-error-loader.d.ts","UI Component","D:\cbtc-final\cbtc-lms\nodemodules\next\dist\build\webpack\loaders\next-invalid-import-error-loader.d.ts","OK","","False"
"next-metadata-image-loader.d.ts","UI Component","D:\cbtc-final\cbtc-lms\nodemodules\next\dist\build\webpack\loaders\next-metadata-image-loader.d.ts","Issues Found","./metadata/types; ../../page-extensions-type","True"
"next-metadata-route-loader.d.ts","UI Component","D:\cbtc-final\cbtc-lms\nodemodules\next\dist\build\webpack\loaders\next-metadata-route-loader.d.ts","OK","","False"
"next-middleware-asset-loader.d.ts","UI Component","D:\cbtc-final\cbtc-lms\nodemodules\next\dist\build\webpack\loaders\next-middleware-asset-loader.d.ts","OK","","False"
"next-middleware-loader.d.ts","UI Component","D:\cbtc-final\cbtc-lms\nodemodules\next\dist\build\webpack\loaders\next-middleware-loader.d.ts","Issues Found","../../analysis/get-page-static-info","True"
"next-middleware-wasm-loader.d.ts","UI Component","D:\cbtc-final\cbtc-lms\nodemodules\next\dist\build\webpack\loaders\next-middleware-wasm-loader.d.ts","OK","","False"
"next-swc-loader.d.ts","UI Component","D:\cbtc-final\cbtc-lms\nodemodules\next\dist\build\webpack\loaders\next-swc-loader.d.ts","Issues Found","../../../../types; ../../@/lib/constants","True"
"utils.d.ts","UI Component","D:\cbtc-final\cbtc-lms\nodemodules\next\dist\build\webpack\loaders\utils.d.ts","OK","","False"
"index.d.ts","UI Component","D:\cbtc-final\cbtc-lms\nodemodules\next\dist\build\webpack\plugins\next-types-plugin\index.d.ts","Issues Found","../../../@/lib/load-custom-routes; ../../../page-extensions-type","True"
"index.test.d.ts","UI Component","D:\cbtc-final\cbtc-lms\nodemodules\next\dist\build\webpack\plugins\next-types-plugin\index.test.d.ts","OK","","False"
"shared.d.ts","UI Component","D:\cbtc-final\cbtc-lms\nodemodules\next\dist\build\webpack\plugins\next-types-plugin\shared.d.ts","OK","","False"
"index.d.ts","UI Component","D:\cbtc-final\cbtc-lms\nodemodules\next\dist\build\webpack\plugins\terser-webpack-plugin\src\index.d.ts","OK","","False"
"minify.d.ts","UI Component","D:\cbtc-final\cbtc-lms\nodemodules\next\dist\build\webpack\plugins\terser-webpack-plugin\src\minify.d.ts","OK","","False"
"getModuleTrace.d.ts","UI Component","D:\cbtc-final\cbtc-lms\nodemodules\next\dist\build\webpack\plugins\wellknown-errors-plugin\getModuleTrace.d.ts","OK","","False"
"index.d.ts","UI Component","D:\cbtc-final\cbtc-lms\nodemodules\next\dist\build\webpack\plugins\wellknown-errors-plugin\index.d.ts","OK","","False"
"parse-dynamic-code-evaluation-error.d.ts","UI Component","D:\cbtc-final\cbtc-lms\nodemodules\next\dist\build\webpack\plugins\wellknown-errors-plugin\parse-dynamic-code-evaluation-error.d.ts","Issues Found","./simpleWebpackError","True"
"parseBabel.d.ts","UI Component","D:\cbtc-final\cbtc-lms\nodemodules\next\dist\build\webpack\plugins\wellknown-errors-plugin\parseBabel.d.ts","Issues Found","./simpleWebpackError","True"
"parseCss.d.ts","UI Component","D:\cbtc-final\cbtc-lms\nodemodules\next\dist\build\webpack\plugins\wellknown-errors-plugin\parseCss.d.ts","Issues Found","./simpleWebpackError","True"
"parseNextAppLoaderError.d.ts","UI Component","D:\cbtc-final\cbtc-lms\nodemodules\next\dist\build\webpack\plugins\wellknown-errors-plugin\parseNextAppLoaderError.d.ts","Issues Found","./simpleWebpackError","True"
"parseNextFontError.d.ts","UI Component","D:\cbtc-final\cbtc-lms\nodemodules\next\dist\build\webpack\plugins\wellknown-errors-plugin\parseNextFontError.d.ts","Issues Found","./simpleWebpackError","True"
"parseNextInvalidImportError.d.ts","UI Component","D:\cbtc-final\cbtc-lms\nodemodules\next\dist\build\webpack\plugins\wellknown-errors-plugin\parseNextInvalidImportError.d.ts","Issues Found","./simpleWebpackError","True"
"parseNotFoundError.d.ts","UI Component","D:\cbtc-final\cbtc-lms\nodemodules\next\dist\build\webpack\plugins\wellknown-errors-plugin\parseNotFoundError.d.ts","Issues Found","./simpleWebpackError","True"
"parseRSC.d.ts","UI Component","D:\cbtc-final\cbtc-lms\nodemodules\next\dist\build\webpack\plugins\wellknown-errors-plugin\parseRSC.d.ts","Issues Found","./simpleWebpackError","True"
"parseScss.d.ts","UI Component","D:\cbtc-final\cbtc-lms\nodemodules\next\dist\build\webpack\plugins\wellknown-errors-plugin\parseScss.d.ts","Issues Found","./simpleWebpackError","True"
"simpleWebpackError.d.ts","UI Component","D:\cbtc-final\cbtc-lms\nodemodules\next\dist\build\webpack\plugins\wellknown-errors-plugin\simpleWebpackError.d.ts","OK","","False"
"webpackModuleError.d.ts","UI Component","D:\cbtc-final\cbtc-lms\nodemodules\next\dist\build\webpack\plugins\wellknown-errors-plugin\webpackModuleError.d.ts","Issues Found","./simpleWebpackError","True"
"app-build-manifest-plugin.d.ts","UI Component","D:\cbtc-final\cbtc-lms\nodemodules\next\dist\build\webpack\plugins\app-build-manifest-plugin.d.ts","OK","","False"
"build-manifest-plugin.d.ts","UI Component","D:\cbtc-final\cbtc-lms\nodemodules\next\dist\build\webpack\plugins\build-manifest-plugin.d.ts","Issues Found","../../@/lib/load-custom-routes","True"
"css-chunking-plugin.d.ts","UI Component","D:\cbtc-final\cbtc-lms\nodemodules\next\dist\build\webpack\plugins\css-chunking-plugin.d.ts","OK","","False"
"css-minimizer-plugin.d.ts","UI Component","D:\cbtc-final\cbtc-lms\nodemodules\next\dist\build\webpack\plugins\css-minimizer-plugin.d.ts","OK","","False"
"define-env-plugin.d.ts","UI Component","D:\cbtc-final\cbtc-lms\nodemodules\next\dist\build\webpack\plugins\define-env-plugin.d.ts","Issues Found","../../../server/config-shared; ../../analysis/get-page-static-info","True"
"flight-client-entry-plugin.d.ts","UI Component","D:\cbtc-final\cbtc-lms\nodemodules\next\dist\build\webpack\plugins\flight-client-entry-plugin.d.ts","Issues Found","../loaders/next-flight-client-entry-loader","True"
"flight-manifest-plugin.d.ts","UI Component","D:\cbtc-final\cbtc-lms\nodemodules\next\dist\build\webpack\plugins\flight-manifest-plugin.d.ts","OK","","False"
"font-stylesheet-gathering-plugin.d.ts","UI Component","D:\cbtc-final\cbtc-lms\nodemodules\next\dist\build\webpack\plugins\font-stylesheet-gathering-plugin.d.ts","Issues Found","../../../server/font-utils","True"
"jsconfig-paths-plugin.d.ts","UI Component","D:\cbtc-final\cbtc-lms\nodemodules\next\dist\build\webpack\plugins\jsconfig-paths-plugin.d.ts","Issues Found","../../load-jsconfig","True"
"memory-with-gc-cache-plugin.d.ts","UI Component","D:\cbtc-final\cbtc-lms\nodemodules\next\dist\build\webpack\plugins\memory-with-gc-cache-plugin.d.ts","OK","","False"
"middleware-plugin.d.ts","UI Component","D:\cbtc-final\cbtc-lms\nodemodules\next\dist\build\webpack\plugins\middleware-plugin.d.ts","Issues Found","../loaders/get-module-build-info; ../../analysis/get-page-static-info; ../../@/lib/load-custom-routes","True"
"mini-css-extract-plugin.d.ts","UI Component","D:\cbtc-final\cbtc-lms\nodemodules\next\dist\build\webpack\plugins\mini-css-extract-plugin.d.ts","OK","","False"
"next-drop-client-page-plugin.d.ts","UI Component","D:\cbtc-final\cbtc-lms\nodemodules\next\dist\build\webpack\plugins\next-drop-client-page-plugin.d.ts","OK","","False"
"next-font-manifest-plugin.d.ts","UI Component","D:\cbtc-final\cbtc-lms\nodemodules\next\dist\build\webpack\plugins\next-font-manifest-plugin.d.ts","OK","","False"
"next-trace-entrypoints-plugin.d.ts","UI Component","D:\cbtc-final\cbtc-lms\nodemodules\next\dist\build\webpack\plugins\next-trace-entrypoints-plugin.d.ts","Issues Found","../../../trace; ../../../server/config-shared","True"
"nextjs-require-cache-hot-reloader.d.ts","UI Component","D:\cbtc-final\cbtc-lms\nodemodules\next\dist\build\webpack\plugins\nextjs-require-cache-hot-reloader.d.ts","OK","","False"
"optional-peer-dependency-resolve-plugin.d.ts","UI Component","D:\cbtc-final\cbtc-lms\nodemodules\next\dist\build\webpack\plugins\optional-peer-dependency-resolve-plugin.d.ts","OK","","False"
"pages-manifest-plugin.d.ts","UI Component","D:\cbtc-final\cbtc-lms\nodemodules\next\dist\build\webpack\plugins\pages-manifest-plugin.d.ts","OK","","False"
"profiling-plugin.d.ts","UI Component","D:\cbtc-final\cbtc-lms\nodemodules\next\dist\build\webpack\plugins\profiling-plugin.d.ts","Issues Found","../../../trace","True"
"react-loadable-plugin.d.ts","UI Component","D:\cbtc-final\cbtc-lms\nodemodules\next\dist\build\webpack\plugins\react-loadable-plugin.d.ts","OK","","False"
"subresource-integrity-plugin.d.ts","UI Component","D:\cbtc-final\cbtc-lms\nodemodules\next\dist\build\webpack\plugins\subresource-integrity-plugin.d.ts","OK","","False"
"telemetry-plugin.d.ts","UI Component","D:\cbtc-final\cbtc-lms\nodemodules\next\dist\build\webpack\plugins\telemetry-plugin.d.ts","OK","","False"
"stringify-request.d.ts","UI Component","D:\cbtc-final\cbtc-lms\nodemodules\next\dist\build\webpack\stringify-request.d.ts","OK","","False"
"utils.d.ts","UI Component","D:\cbtc-final\cbtc-lms\nodemodules\next\dist\build\webpack\utils.d.ts","OK","","False"
"impl.d.ts","UI Component","D:\cbtc-final\cbtc-lms\nodemodules\next\dist\build\webpack-build\impl.d.ts","Issues Found","../../shared/lib/constants; ../webpack/plugins/telemetry-plugin; ../build-context; ../../trace; ../webpack/plugins/next-trace-entrypoints-plugin","True"
"index.d.ts","UI Component","D:\cbtc-final\cbtc-lms\nodemodules\next\dist\build\webpack-build\index.d.ts","Issues Found","../webpack/plugins/next-trace-entrypoints-plugin","True"
"resolve.d.ts","UI Component","D:\cbtc-final\cbtc-lms\nodemodules\next\dist\build\webpack-config-rules\resolve.d.ts","Issues Found","../../shared/lib/constants","True"
"build-context.d.ts","UI Component","D:\cbtc-final\cbtc-lms\nodemodules\next\dist\build\build-context.d.ts","Issues Found","../server/api-utils; ../server/config-shared; ../trace; ./webpack-config; ./webpack/plugins/telemetry-plugin; ../telemetry/storage","True"
"collect-build-traces.d.ts","UI Component","D:\cbtc-final\cbtc-lms\nodemodules\next\dist\build\collect-build-traces.d.ts","Issues Found","../trace; ../server/config-shared; ./webpack/plugins/next-trace-entrypoints-plugin; ./utils","True"
"compiler.d.ts","UI Component","D:\cbtc-final\cbtc-lms\nodemodules\next\dist\build\compiler.d.ts","Issues Found","../trace","True"
"create-compiler-aliases.d.ts","UI Component","D:\cbtc-final\cbtc-lms\nodemodules\next\dist\build\create-compiler-aliases.d.ts","Issues Found","../server/config-shared","True"
"deployment-id.d.ts","UI Component","D:\cbtc-final\cbtc-lms\nodemodules\next\dist\build\deployment-id.d.ts","OK","","False"
"entries.d.ts","UI Component","D:\cbtc-final\cbtc-lms\nodemodules\next\dist\build\entries.d.ts","Issues Found","../server/config-shared; ./analysis/get-page-static-info; ./webpack/loaders/next-app-loader; ../shared/lib/constants; ../server/api-utils; ../../types; ./page-extensions-type; ./build-context","True"
"generate-build-id.d.ts","UI Component","D:\cbtc-final\cbtc-lms\nodemodules\next\dist\build\generate-build-id.d.ts","OK","","False"
"get-babel-config-file.d.ts","UI Component","D:\cbtc-final\cbtc-lms\nodemodules\next\dist\build\get-babel-config-file.d.ts","OK","","False"
"handle-externals.d.ts","UI Component","D:\cbtc-final\cbtc-lms\nodemodules\next\dist\build\handle-externals.d.ts","Issues Found","../server/config-shared","True"
"index.d.ts","UI Component","D:\cbtc-final\cbtc-lms\nodemodules\next\dist\build\index.d.ts","Issues Found","../server/lib/revalidate; ../server/api-utils; ../client/components/app-router-headers","True"
"is-writeable.d.ts","UI Component","D:\cbtc-final\cbtc-lms\nodemodules\next\dist\build\is-writeable.d.ts","OK","","False"
"load-entrypoint.d.ts","UI Component","D:\cbtc-final\cbtc-lms\nodemodules\next\dist\build\load-entrypoint.d.ts","OK","","False"
"load-jsconfig.d.ts","UI Component","D:\cbtc-final\cbtc-lms\nodemodules\next\dist\build\load-jsconfig.d.ts","Issues Found","../server/config-shared","True"
"normalize-catchall-routes.d.ts","UI Component","D:\cbtc-final\cbtc-lms\nodemodules\next\dist\build\normalize-catchall-routes.d.ts","Issues Found","../server/future/normalizers/built/app/app-pathname-normalizer","True"
"normalize-catchall-routes.test.d.ts","UI Component","D:\cbtc-final\cbtc-lms\nodemodules\next\dist\build\normalize-catchall-routes.test.d.ts","OK","","False"
"page-extensions-type.d.ts","UI Component","D:\cbtc-final\cbtc-lms\nodemodules\next\dist\build\page-extensions-type.d.ts","OK","","False"
"progress.d.ts","UI Component","D:\cbtc-final\cbtc-lms\nodemodules\next\dist\build\progress.d.ts","OK","","False"
"spinner.d.ts","UI Component","D:\cbtc-final\cbtc-lms\nodemodules\next\dist\build\spinner.d.ts","OK","","False"
"type-check.d.ts","UI Component","D:\cbtc-final\cbtc-lms\nodemodules\next\dist\build\type-check.d.ts","Issues Found","../server/config-shared; ../telemetry/storage; ../trace","True"
"utils.d.ts","UI Component","D:\cbtc-final\cbtc-lms\nodemodules\next\dist\build\utils.d.ts","Issues Found","../server/config-shared; ./webpack/plugins/app-build-manifest-plugin; ../server/get-page-files; ./webpack/plugins/middleware-plugin; ../server/future/route-modules/app-page/module; ../server/lib/app-dir-module; ../server/require-hook; ../server/node-polyfill-crypto; ../server/node-environment; ../server/lib/incremental-cache; ./page-extensions-type","True"
"webpack-config.d.ts","UI Component","D:\cbtc-final\cbtc-lms\nodemodules\next\dist\build\webpack-config.d.ts","Issues Found","../shared/lib/constants; ../server/config-shared; ../trace; ./analysis/get-page-static-info; ./load-jsconfig","True"
"worker.d.ts","UI Component","D:\cbtc-final\cbtc-lms\nodemodules\next\dist\build\worker.d.ts","Issues Found","../server/require-hook; ../export/worker","True"
"write-build-id.d.ts","UI Component","D:\cbtc-final\cbtc-lms\nodemodules\next\dist\build\write-build-id.d.ts","OK","","False"
"types.d.ts","UI Component","D:\cbtc-final\cbtc-lms\nodemodules\next\dist\esm\build\babel\loader\types.d.ts","Issues Found","../../../trace","True"
"at-rule.d.ts","UI Component","D:\cbtc-final\cbtc-lms\nodemodules\next\node_modules\postcss\lib\at-rule.d.ts","Issues Found","./container.js","True"
"comment.d.ts","UI Component","D:\cbtc-final\cbtc-lms\nodemodules\next\node_modules\postcss\lib\comment.d.ts","Issues Found","./container.js; ./node.js","True"
"container.d.ts","UI Component","D:\cbtc-final\cbtc-lms\nodemodules\next\node_modules\postcss\lib\container.d.ts","Issues Found","./at-rule.js; ./comment.js; ./declaration.js; ./node.js; ./rule.js","True"
"css-syntax-error.d.ts","UI Component","D:\cbtc-final\cbtc-lms\nodemodules\next\node_modules\postcss\lib\css-syntax-error.d.ts","Issues Found","./input.js","True"
"declaration.d.ts","UI Component","D:\cbtc-final\cbtc-lms\nodemodules\next\node_modules\postcss\lib\declaration.d.ts","Issues Found","./container.js; ./node.js","True"
"document.d.ts","UI Component","D:\cbtc-final\cbtc-lms\nodemodules\next\node_modules\postcss\lib\document.d.ts","Issues Found","./container.js; ./postcss.js; ./result.js; ./root.js","True"
"fromJSON.d.ts","UI Component","D:\cbtc-final\cbtc-lms\nodemodules\next\node_modules\postcss\lib\fromJSON.d.ts","Issues Found","./postcss.js","True"
"input.d.ts","UI Component","D:\cbtc-final\cbtc-lms\nodemodules\next\node_modules\postcss\lib\input.d.ts","Issues Found","./postcss.js; ./previous-map.js","True"
"lazy-result.d.ts","UI Component","D:\cbtc-final\cbtc-lms\nodemodules\next\node_modules\postcss\lib\lazy-result.d.ts","Issues Found","./document.js; ./postcss.js; ./processor.js; ./result.js; ./root.js; ./warning.js","True"
"list.d.ts","UI Component","D:\cbtc-final\cbtc-lms\nodemodules\next\node_modules\postcss\lib\list.d.ts","OK","","False"
"no-work-result.d.ts","UI Component","D:\cbtc-final\cbtc-lms\nodemodules\next\node_modules\postcss\lib\no-work-result.d.ts","Issues Found","./lazy-result.js; ./postcss.js; ./processor.js; ./result.js; ./root.js; ./warning.js","True"
"node.d.ts","UI Component","D:\cbtc-final\cbtc-lms\nodemodules\next\node_modules\postcss\lib\node.d.ts","Issues Found","./at-rule.js; ./comment.js; ./container.js; ./css-syntax-error.js; ./declaration.js; ./document.js; ./input.js; ./postcss.js; ./result.js; ./root.js; ./rule.js; ./warning.js","True"
"parse.d.ts","UI Component","D:\cbtc-final\cbtc-lms\nodemodules\next\node_modules\postcss\lib\parse.d.ts","Issues Found","./postcss.js","True"
"postcss.d.ts","UI Component","D:\cbtc-final\cbtc-lms\nodemodules\next\node_modules\postcss\lib\postcss.d.ts","Issues Found","./at-rule.js; ./comment.js; ./container.js; ./css-syntax-error.js; ./declaration.js; ./document.js; ./input.js; ./lazy-result.js; ./list.js; ./processor.js; ./result.js; ./root.js; ./rule.js; ./warning.js","True"
"previous-map.d.ts","UI Component","D:\cbtc-final\cbtc-lms\nodemodules\next\node_modules\postcss\lib\previous-map.d.ts","Issues Found","./postcss.js","True"
"processor.d.ts","UI Component","D:\cbtc-final\cbtc-lms\nodemodules\next\node_modules\postcss\lib\processor.d.ts","Issues Found","./document.js; ./lazy-result.js; ./no-work-result.js; ./result.js; ./root.js","True"
"result.d.ts","UI Component","D:\cbtc-final\cbtc-lms\nodemodules\next\node_modules\postcss\lib\result.d.ts","Issues Found","./processor.js","True"
"root.d.ts","UI Component","D:\cbtc-final\cbtc-lms\nodemodules\next\node_modules\postcss\lib\root.d.ts","Issues Found","./container.js; ./document.js; ./postcss.js; ./result.js","True"
"rule.d.ts","UI Component","D:\cbtc-final\cbtc-lms\nodemodules\next\node_modules\postcss\lib\rule.d.ts","Issues Found","./container.js","True"
"stringifier.d.ts","UI Component","D:\cbtc-final\cbtc-lms\nodemodules\next\node_modules\postcss\lib\stringifier.d.ts","OK","","False"
"stringify.d.ts","UI Component","D:\cbtc-final\cbtc-lms\nodemodules\next\node_modules\postcss\lib\stringify.d.ts","Issues Found","./postcss.js","True"
"warning.d.ts","UI Component","D:\cbtc-final\cbtc-lms\nodemodules\next\node_modules\postcss\lib\warning.d.ts","Issues Found","./css-syntax-error.js; ./node.js","True"
"index.d.ts","UI Component","D:\cbtc-final\cbtc-lms\nodemodules\string-width-cjs\node_modules\ansi-regex\index.d.ts","OK","","False"
"index.d.ts","UI Component","D:\cbtc-final\cbtc-lms\nodemodules\string-width-cjs\node_modules\emoji-regex\index.d.ts","OK","","False"
"index.d.ts","UI Component","D:\cbtc-final\cbtc-lms\nodemodules\string-width-cjs\node_modules\strip-ansi\index.d.ts","OK","","False"
"index.d.ts","UI Component","D:\cbtc-final\cbtc-lms\nodemodules\strip-ansi-cjs\node_modules\ansi-regex\index.d.ts","OK","","False"
"glob.d.ts","UI Component","D:\cbtc-final\cbtc-lms\nodemodules\sucrase\node_modules\glob\dist\commonjs\glob.d.ts","Issues Found","./ignore.js; ./pattern.js","True"
"has-magic.d.ts","UI Component","D:\cbtc-final\cbtc-lms\nodemodules\sucrase\node_modules\glob\dist\commonjs\has-magic.d.ts","Issues Found","./glob.js","True"
"ignore.d.ts","UI Component","D:\cbtc-final\cbtc-lms\nodemodules\sucrase\node_modules\glob\dist\commonjs\ignore.d.ts","Issues Found","./walker.js","True"
"index.d.ts","UI Component","D:\cbtc-final\cbtc-lms\nodemodules\sucrase\node_modules\glob\dist\commonjs\index.d.ts","Issues Found","./glob.js; ./glob.js","True"
"pattern.d.ts","UI Component","D:\cbtc-final\cbtc-lms\nodemodules\sucrase\node_modules\glob\dist\commonjs\pattern.d.ts","OK","","False"
"processor.d.ts","UI Component","D:\cbtc-final\cbtc-lms\nodemodules\sucrase\node_modules\glob\dist\commonjs\processor.d.ts","Issues Found","./pattern.js; ./walker.js","True"
"walker.d.ts","UI Component","D:\cbtc-final\cbtc-lms\nodemodules\sucrase\node_modules\glob\dist\commonjs\walker.d.ts","Issues Found","./ignore.js; ./pattern.js; ./processor.js","True"
"glob.d.ts","UI Component","D:\cbtc-final\cbtc-lms\nodemodules\sucrase\node_modules\glob\dist\esm\glob.d.ts","Issues Found","./ignore.js; ./pattern.js","True"
"has-magic.d.ts","UI Component","D:\cbtc-final\cbtc-lms\nodemodules\sucrase\node_modules\glob\dist\esm\has-magic.d.ts","Issues Found","./glob.js","True"
"ignore.d.ts","UI Component","D:\cbtc-final\cbtc-lms\nodemodules\sucrase\node_modules\glob\dist\esm\ignore.d.ts","Issues Found","./walker.js","True"
"index.d.ts","UI Component","D:\cbtc-final\cbtc-lms\nodemodules\sucrase\node_modules\glob\dist\esm\index.d.ts","Issues Found","./glob.js; ./glob.js","True"
"pattern.d.ts","UI Component","D:\cbtc-final\cbtc-lms\nodemodules\sucrase\node_modules\glob\dist\esm\pattern.d.ts","OK","","False"
"processor.d.ts","UI Component","D:\cbtc-final\cbtc-lms\nodemodules\sucrase\node_modules\glob\dist\esm\processor.d.ts","Issues Found","./pattern.js; ./walker.js","True"
"walker.d.ts","UI Component","D:\cbtc-final\cbtc-lms\nodemodules\sucrase\node_modules\glob\dist\esm\walker.d.ts","Issues Found","./ignore.js; ./pattern.js; ./processor.js","True"
"index.d.ts","UI Component","D:\cbtc-final\cbtc-lms\nodemodules\sucrase\node_modules\jackspeak\dist\commonjs\index.d.ts","OK","","False"
"parse-args.d.ts","UI Component","D:\cbtc-final\cbtc-lms\nodemodules\sucrase\node_modules\jackspeak\dist\commonjs\parse-args.d.ts","OK","","False"
"index.d.ts","UI Component","D:\cbtc-final\cbtc-lms\nodemodules\sucrase\node_modules\jackspeak\dist\esm\index.d.ts","OK","","False"
"parse-args.d.ts","UI Component","D:\cbtc-final\cbtc-lms\nodemodules\sucrase\node_modules\jackspeak\dist\esm\parse-args.d.ts","OK","","False"
"index.d.ts","UI Component","D:\cbtc-final\cbtc-lms\nodemodules\sucrase\node_modules\lru-cache\dist\commonjs\index.d.ts","OK","","False"
"index.d.ts","UI Component","D:\cbtc-final\cbtc-lms\nodemodules\sucrase\node_modules\lru-cache\dist\esm\index.d.ts","OK","","False"
"assert-valid-pattern.d.ts","UI Component","D:\cbtc-final\cbtc-lms\nodemodules\sucrase\node_modules\minimatch\dist\commonjs\assert-valid-pattern.d.ts","OK","","False"
"ast.d.ts","UI Component","D:\cbtc-final\cbtc-lms\nodemodules\sucrase\node_modules\minimatch\dist\commonjs\ast.d.ts","Issues Found","./index.js","True"
"brace-expressions.d.ts","UI Component","D:\cbtc-final\cbtc-lms\nodemodules\sucrase\node_modules\minimatch\dist\commonjs\brace-expressions.d.ts","OK","","False"
"escape.d.ts","UI Component","D:\cbtc-final\cbtc-lms\nodemodules\sucrase\node_modules\minimatch\dist\commonjs\escape.d.ts","Issues Found","./index.js","True"
"index.d.ts","UI Component","D:\cbtc-final\cbtc-lms\nodemodules\sucrase\node_modules\minimatch\dist\commonjs\index.d.ts","Issues Found","./ast.js","True"
"unescape.d.ts","UI Component","D:\cbtc-final\cbtc-lms\nodemodules\sucrase\node_modules\minimatch\dist\commonjs\unescape.d.ts","Issues Found","./index.js","True"
"assert-valid-pattern.d.ts","UI Component","D:\cbtc-final\cbtc-lms\nodemodules\sucrase\node_modules\minimatch\dist\esm\assert-valid-pattern.d.ts","OK","","False"
"ast.d.ts","UI Component","D:\cbtc-final\cbtc-lms\nodemodules\sucrase\node_modules\minimatch\dist\esm\ast.d.ts","Issues Found","./index.js","True"
"brace-expressions.d.ts","UI Component","D:\cbtc-final\cbtc-lms\nodemodules\sucrase\node_modules\minimatch\dist\esm\brace-expressions.d.ts","OK","","False"
"escape.d.ts","UI Component","D:\cbtc-final\cbtc-lms\nodemodules\sucrase\node_modules\minimatch\dist\esm\escape.d.ts","Issues Found","./index.js","True"
"index.d.ts","UI Component","D:\cbtc-final\cbtc-lms\nodemodules\sucrase\node_modules\minimatch\dist\esm\index.d.ts","Issues Found","./ast.js","True"
"unescape.d.ts","UI Component","D:\cbtc-final\cbtc-lms\nodemodules\sucrase\node_modules\minimatch\dist\esm\unescape.d.ts","Issues Found","./index.js","True"
"index.d.ts","UI Component","D:\cbtc-final\cbtc-lms\nodemodules\sucrase\node_modules\path-scurry\dist\commonjs\index.d.ts","OK","","False"
"index.d.ts","UI Component","D:\cbtc-final\cbtc-lms\nodemodules\sucrase\node_modules\path-scurry\dist\esm\index.d.ts","OK","","False"
"index.d.ts","UI Component","D:\cbtc-final\cbtc-lms\nodemodules\wrap-ansi\node_modules\ansi-styles\index.d.ts","OK","","False"
"index.d.ts","UI Component","D:\cbtc-final\cbtc-lms\nodemodules\wrap-ansi-cjs\node_modules\ansi-regex\index.d.ts","OK","","False"
"index.d.ts","UI Component","D:\cbtc-final\cbtc-lms\nodemodules\wrap-ansi-cjs\node_modules\emoji-regex\index.d.ts","OK","","False"
"index.d.ts","UI Component","D:\cbtc-final\cbtc-lms\nodemodules\wrap-ansi-cjs\node_modules\string-width\index.d.ts","OK","","False"
"index.d.ts","UI Component","D:\cbtc-final\cbtc-lms\nodemodules\wrap-ansi-cjs\node_modules\strip-ansi\index.d.ts","OK","","False"
"index.d.ts","UI Component","D:\cbtc-final\cbtc-lms\node_modules\@alloc\quick-lru\index.d.ts","OK","","False"
"emnapi.cjs.min.d.ts","UI Component","D:\cbtc-final\cbtc-lms\node_modules\@emnapi\runtime\dist\emnapi.cjs.min.d.ts","OK","","False"
"emnapi.d.ts","UI Component","D:\cbtc-final\cbtc-lms\node_modules\@emnapi\runtime\dist\emnapi.d.ts","OK","","False"
"emnapi.iife.d.ts","UI Component","D:\cbtc-final\cbtc-lms\node_modules\@emnapi\runtime\dist\emnapi.iife.d.ts","OK","","False"
"index.d.ts","UI Component","D:\cbtc-final\cbtc-lms\node_modules\@eslint-community\eslint-utils\index.d.ts","OK","","False"
"index.d.ts","UI Component","D:\cbtc-final\cbtc-lms\node_modules\@eslint-community\regexpp\index.d.ts","OK","","False"
"check-format.d.ts","UI Component","D:\cbtc-final\cbtc-lms\node_modules\@google\generative-ai\dist\scripts\check-format.d.ts","OK","","False"
"format-patterns.d.ts","UI Component","D:\cbtc-final\cbtc-lms\node_modules\@google\generative-ai\dist\scripts\format-patterns.d.ts","OK","","False"
"license.d.ts","UI Component","D:\cbtc-final\cbtc-lms\node_modules\@google\generative-ai\dist\scripts\license.d.ts","OK","","False"
"run-format.d.ts","UI Component","D:\cbtc-final\cbtc-lms\node_modules\@google\generative-ai\dist\scripts\run-format.d.ts","OK","","False"
"check-format.d.ts","UI Component","D:\cbtc-final\cbtc-lms\node_modules\@google\generative-ai\dist\server\scripts\check-format.d.ts","OK","","False"
"format-patterns.d.ts","UI Component","D:\cbtc-final\cbtc-lms\node_modules\@google\generative-ai\dist\server\scripts\format-patterns.d.ts","OK","","False"
"license.d.ts","UI Component","D:\cbtc-final\cbtc-lms\node_modules\@google\generative-ai\dist\server\scripts\license.d.ts","OK","","False"
"run-format.d.ts","UI Component","D:\cbtc-final\cbtc-lms\node_modules\@google\generative-ai\dist\server\scripts\run-format.d.ts","OK","","False"
"chat-session-helpers.d.ts","UI Component","D:\cbtc-final\cbtc-lms\node_modules\@google\generative-ai\dist\server\src\methods\chat-session-helpers.d.ts","Issues Found","../../types","True"
"chat-session.d.ts","UI Component","D:\cbtc-final\cbtc-lms\node_modules\@google\generative-ai\dist\server\src\methods\chat-session.d.ts","Issues Found","../../types","True"
"count-tokens.d.ts","UI Component","D:\cbtc-final\cbtc-lms\node_modules\@google\generative-ai\dist\server\src\methods\count-tokens.d.ts","Issues Found","../../types","True"
"embed-content.d.ts","UI Component","D:\cbtc-final\cbtc-lms\node_modules\@google\generative-ai\dist\server\src\methods\embed-content.d.ts","Issues Found","../../types","True"
"generate-content.d.ts","UI Component","D:\cbtc-final\cbtc-lms\node_modules\@google\generative-ai\dist\server\src\methods\generate-content.d.ts","Issues Found","../../types","True"
"generative-model.d.ts","UI Component","D:\cbtc-final\cbtc-lms\node_modules\@google\generative-ai\dist\server\src\models\generative-model.d.ts","Issues Found","../../types; ../methods/chat-session","True"
"request-helpers.d.ts","UI Component","D:\cbtc-final\cbtc-lms\node_modules\@google\generative-ai\dist\server\src\requests\request-helpers.d.ts","Issues Found","../../types","True"
"request.d.ts","UI Component","D:\cbtc-final\cbtc-lms\node_modules\@google\generative-ai\dist\server\src\requests\request.d.ts","Issues Found","../../types","True"
"response-helpers.d.ts","UI Component","D:\cbtc-final\cbtc-lms\node_modules\@google\generative-ai\dist\server\src\requests\response-helpers.d.ts","Issues Found","../../types","True"
"stream-reader.d.ts","UI Component","D:\cbtc-final\cbtc-lms\node_modules\@google\generative-ai\dist\server\src\requests\stream-reader.d.ts","Issues Found","../../types","True"
"cache-manager.d.ts","UI Component","D:\cbtc-final\cbtc-lms\node_modules\@google\generative-ai\dist\server\src\server\cache-manager.d.ts","Issues Found","../../types; ../../types/server","True"
"constants.d.ts","UI Component","D:\cbtc-final\cbtc-lms\node_modules\@google\generative-ai\dist\server\src\server\constants.d.ts","OK","","False"
"file-manager.d.ts","UI Component","D:\cbtc-final\cbtc-lms\node_modules\@google\generative-ai\dist\server\src\server\file-manager.d.ts","Issues Found","../../types; ../../types/server","True"
"index.d.ts","UI Component","D:\cbtc-final\cbtc-lms\node_modules\@google\generative-ai\dist\server\src\server\index.d.ts","OK","","False"
"request.d.ts","UI Component","D:\cbtc-final\cbtc-lms\node_modules\@google\generative-ai\dist\server\src\server\request.d.ts","Issues Found","../../types; ./constants","True"
"errors.d.ts","UI Component","D:\cbtc-final\cbtc-lms\node_modules\@google\generative-ai\dist\server\src\errors.d.ts","Issues Found","../types","True"
"gen-ai.d.ts","UI Component","D:\cbtc-final\cbtc-lms\node_modules\@google\generative-ai\dist\server\src\gen-ai.d.ts","Issues Found","../types; ./models/generative-model","True"
"index.d.ts","UI Component","D:\cbtc-final\cbtc-lms\node_modules\@google\generative-ai\dist\server\src\index.d.ts","OK","","False"
"caching.d.ts","UI Component","D:\cbtc-final\cbtc-lms\node_modules\@google\generative-ai\dist\server\types\server\caching.d.ts","Issues Found","../content; ../function-calling; ../requests","True"
"files.d.ts","UI Component","D:\cbtc-final\cbtc-lms\node_modules\@google\generative-ai\dist\server\types\server\files.d.ts","Issues Found","./shared","True"
"index.d.ts","UI Component","D:\cbtc-final\cbtc-lms\node_modules\@google\generative-ai\dist\server\types\server\index.d.ts","OK","","False"
"shared.d.ts","UI Component","D:\cbtc-final\cbtc-lms\node_modules\@google\generative-ai\dist\server\types\server\shared.d.ts","Issues Found","../responses","True"
"content.d.ts","UI Component","D:\cbtc-final\cbtc-lms\node_modules\@google\generative-ai\dist\server\types\content.d.ts","OK","","False"
"enums.d.ts","UI Component","D:\cbtc-final\cbtc-lms\node_modules\@google\generative-ai\dist\server\types\enums.d.ts","OK","","False"
"function-calling.d.ts","UI Component","D:\cbtc-final\cbtc-lms\node_modules\@google\generative-ai\dist\server\types\function-calling.d.ts","Issues Found","./enums","True"
"index.d.ts","UI Component","D:\cbtc-final\cbtc-lms\node_modules\@google\generative-ai\dist\server\types\index.d.ts","OK","","False"
"requests.d.ts","UI Component","D:\cbtc-final\cbtc-lms\node_modules\@google\generative-ai\dist\server\types\requests.d.ts","Issues Found","./server/caching; ./content; ./enums; ./function-calling; ./search-grounding","True"
"responses.d.ts","UI Component","D:\cbtc-final\cbtc-lms\node_modules\@google\generative-ai\dist\server\types\responses.d.ts","Issues Found","./content; ./enums; ./search-grounding","True"
"search-grounding.d.ts","UI Component","D:\cbtc-final\cbtc-lms\node_modules\@google\generative-ai\dist\server\types\search-grounding.d.ts","Issues Found","./enums","True"
"server.d.ts","UI Component","D:\cbtc-final\cbtc-lms\node_modules\@google\generative-ai\dist\server\server.d.ts","OK","","False"
"chat-session-helpers.d.ts","UI Component","D:\cbtc-final\cbtc-lms\node_modules\@google\generative-ai\dist\src\methods\chat-session-helpers.d.ts","Issues Found","../../types","True"
"chat-session.d.ts","UI Component","D:\cbtc-final\cbtc-lms\node_modules\@google\generative-ai\dist\src\methods\chat-session.d.ts","Issues Found","../../types","True"
"count-tokens.d.ts","UI Component","D:\cbtc-final\cbtc-lms\node_modules\@google\generative-ai\dist\src\methods\count-tokens.d.ts","Issues Found","../../types","True"
"embed-content.d.ts","UI Component","D:\cbtc-final\cbtc-lms\node_modules\@google\generative-ai\dist\src\methods\embed-content.d.ts","Issues Found","../../types","True"
"generate-content.d.ts","UI Component","D:\cbtc-final\cbtc-lms\node_modules\@google\generative-ai\dist\src\methods\generate-content.d.ts","Issues Found","../../types","True"
"generative-model.d.ts","UI Component","D:\cbtc-final\cbtc-lms\node_modules\@google\generative-ai\dist\src\models\generative-model.d.ts","Issues Found","../../types; ../methods/chat-session","True"
"request-helpers.d.ts","UI Component","D:\cbtc-final\cbtc-lms\node_modules\@google\generative-ai\dist\src\requests\request-helpers.d.ts","Issues Found","../../types","True"
"request.d.ts","UI Component","D:\cbtc-final\cbtc-lms\node_modules\@google\generative-ai\dist\src\requests\request.d.ts","Issues Found","../../types","True"
"response-helpers.d.ts","UI Component","D:\cbtc-final\cbtc-lms\node_modules\@google\generative-ai\dist\src\requests\response-helpers.d.ts","Issues Found","../../types","True"
"stream-reader.d.ts","UI Component","D:\cbtc-final\cbtc-lms\node_modules\@google\generative-ai\dist\src\requests\stream-reader.d.ts","Issues Found","../../types","True"
"cache-manager.d.ts","UI Component","D:\cbtc-final\cbtc-lms\node_modules\@google\generative-ai\dist\src\server\cache-manager.d.ts","Issues Found","../../types; ../../types/server","True"
"constants.d.ts","UI Component","D:\cbtc-final\cbtc-lms\node_modules\@google\generative-ai\dist\src\server\constants.d.ts","OK","","False"
"file-manager.d.ts","UI Component","D:\cbtc-final\cbtc-lms\node_modules\@google\generative-ai\dist\src\server\file-manager.d.ts","Issues Found","../../types; ../../types/server","True"
"index.d.ts","UI Component","D:\cbtc-final\cbtc-lms\node_modules\@google\generative-ai\dist\src\server\index.d.ts","OK","","False"
"request.d.ts","UI Component","D:\cbtc-final\cbtc-lms\node_modules\@google\generative-ai\dist\src\server\request.d.ts","Issues Found","../../types; ./constants","True"
"errors.d.ts","UI Component","D:\cbtc-final\cbtc-lms\node_modules\@google\generative-ai\dist\src\errors.d.ts","Issues Found","../types","True"
"gen-ai.d.ts","UI Component","D:\cbtc-final\cbtc-lms\node_modules\@google\generative-ai\dist\src\gen-ai.d.ts","Issues Found","../types; ./models/generative-model","True"
"index.d.ts","UI Component","D:\cbtc-final\cbtc-lms\node_modules\@google\generative-ai\dist\src\index.d.ts","OK","","False"
"caching.d.ts","UI Component","D:\cbtc-final\cbtc-lms\node_modules\@google\generative-ai\dist\types\server\caching.d.ts","Issues Found","../content; ../function-calling; ../requests","True"
"files.d.ts","UI Component","D:\cbtc-final\cbtc-lms\node_modules\@google\generative-ai\dist\types\server\files.d.ts","Issues Found","./shared","True"
"index.d.ts","UI Component","D:\cbtc-final\cbtc-lms\node_modules\@google\generative-ai\dist\types\server\index.d.ts","OK","","False"
"shared.d.ts","UI Component","D:\cbtc-final\cbtc-lms\node_modules\@google\generative-ai\dist\types\server\shared.d.ts","Issues Found","../responses","True"
"content.d.ts","UI Component","D:\cbtc-final\cbtc-lms\node_modules\@google\generative-ai\dist\types\content.d.ts","OK","","False"
"enums.d.ts","UI Component","D:\cbtc-final\cbtc-lms\node_modules\@google\generative-ai\dist\types\enums.d.ts","OK","","False"
"function-calling.d.ts","UI Component","D:\cbtc-final\cbtc-lms\node_modules\@google\generative-ai\dist\types\function-calling.d.ts","Issues Found","./enums","True"
"index.d.ts","UI Component","D:\cbtc-final\cbtc-lms\node_modules\@google\generative-ai\dist\types\index.d.ts","OK","","False"
"requests.d.ts","UI Component","D:\cbtc-final\cbtc-lms\node_modules\@google\generative-ai\dist\types\requests.d.ts","Issues Found","./server/caching; ./content; ./enums; ./function-calling; ./search-grounding","True"
"responses.d.ts","UI Component","D:\cbtc-final\cbtc-lms\node_modules\@google\generative-ai\dist\types\responses.d.ts","Issues Found","./content; ./enums; ./search-grounding","True"
"search-grounding.d.ts","UI Component","D:\cbtc-final\cbtc-lms\node_modules\@google\generative-ai\dist\types\search-grounding.d.ts","Issues Found","./enums","True"
"generative-ai.d.ts","UI Component","D:\cbtc-final\cbtc-lms\node_modules\@google\generative-ai\dist\generative-ai.d.ts","OK","","False"
"protos.d.ts","UI Component","D:\cbtc-final\cbtc-lms\node_modules\@google-ai\generativelanguage\build\protos\protos.d.ts","OK","","False"
"generative_service_client.d.ts","UI Component","D:\cbtc-final\cbtc-lms\node_modules\@google-ai\generativelanguage\build\src\v1\generative_service_client.d.ts","Issues Found","../../protos/protos","True"
"index.d.ts","UI Component","D:\cbtc-final\cbtc-lms\node_modules\@google-ai\generativelanguage\build\src\v1\index.d.ts","OK","","False"
"model_service_client.d.ts","UI Component","D:\cbtc-final\cbtc-lms\node_modules\@google-ai\generativelanguage\build\src\v1\model_service_client.d.ts","Issues Found","../../protos/protos","True"
"cache_service_client.d.ts","UI Component","D:\cbtc-final\cbtc-lms\node_modules\@google-ai\generativelanguage\build\src\v1alpha\cache_service_client.d.ts","Issues Found","../../protos/protos","True"
"discuss_service_client.d.ts","UI Component","D:\cbtc-final\cbtc-lms\node_modules\@google-ai\generativelanguage\build\src\v1alpha\discuss_service_client.d.ts","Issues Found","../../protos/protos","True"
"file_service_client.d.ts","UI Component","D:\cbtc-final\cbtc-lms\node_modules\@google-ai\generativelanguage\build\src\v1alpha\file_service_client.d.ts","Issues Found","../../protos/protos","True"
"generative_service_client.d.ts","UI Component","D:\cbtc-final\cbtc-lms\node_modules\@google-ai\generativelanguage\build\src\v1alpha\generative_service_client.d.ts","Issues Found","../../protos/protos","True"
"index.d.ts","UI Component","D:\cbtc-final\cbtc-lms\node_modules\@google-ai\generativelanguage\build\src\v1alpha\index.d.ts","OK","","False"
"model_service_client.d.ts","UI Component","D:\cbtc-final\cbtc-lms\node_modules\@google-ai\generativelanguage\build\src\v1alpha\model_service_client.d.ts","Issues Found","../../protos/protos","True"
"permission_service_client.d.ts","UI Component","D:\cbtc-final\cbtc-lms\node_modules\@google-ai\generativelanguage\build\src\v1alpha\permission_service_client.d.ts","Issues Found","../../protos/protos","True"
"prediction_service_client.d.ts","UI Component","D:\cbtc-final\cbtc-lms\node_modules\@google-ai\generativelanguage\build\src\v1alpha\prediction_service_client.d.ts","Issues Found","../../protos/protos","True"
"retriever_service_client.d.ts","UI Component","D:\cbtc-final\cbtc-lms\node_modules\@google-ai\generativelanguage\build\src\v1alpha\retriever_service_client.d.ts","Issues Found","../../protos/protos","True"
"text_service_client.d.ts","UI Component","D:\cbtc-final\cbtc-lms\node_modules\@google-ai\generativelanguage\build\src\v1alpha\text_service_client.d.ts","Issues Found","../../protos/protos","True"
"cache_service_client.d.ts","UI Component","D:\cbtc-final\cbtc-lms\node_modules\@google-ai\generativelanguage\build\src\v1beta\cache_service_client.d.ts","Issues Found","../../protos/protos","True"
"discuss_service_client.d.ts","UI Component","D:\cbtc-final\cbtc-lms\node_modules\@google-ai\generativelanguage\build\src\v1beta\discuss_service_client.d.ts","Issues Found","../../protos/protos","True"
"file_service_client.d.ts","UI Component","D:\cbtc-final\cbtc-lms\node_modules\@google-ai\generativelanguage\build\src\v1beta\file_service_client.d.ts","Issues Found","../../protos/protos","True"
"generative_service_client.d.ts","UI Component","D:\cbtc-final\cbtc-lms\node_modules\@google-ai\generativelanguage\build\src\v1beta\generative_service_client.d.ts","Issues Found","../../protos/protos","True"
"index.d.ts","UI Component","D:\cbtc-final\cbtc-lms\node_modules\@google-ai\generativelanguage\build\src\v1beta\index.d.ts","OK","","False"
"model_service_client.d.ts","UI Component","D:\cbtc-final\cbtc-lms\node_modules\@google-ai\generativelanguage\build\src\v1beta\model_service_client.d.ts","Issues Found","../../protos/protos","True"
"permission_service_client.d.ts","UI Component","D:\cbtc-final\cbtc-lms\node_modules\@google-ai\generativelanguage\build\src\v1beta\permission_service_client.d.ts","Issues Found","../../protos/protos","True"
"prediction_service_client.d.ts","UI Component","D:\cbtc-final\cbtc-lms\node_modules\@google-ai\generativelanguage\build\src\v1beta\prediction_service_client.d.ts","Issues Found","../../protos/protos","True"
"retriever_service_client.d.ts","UI Component","D:\cbtc-final\cbtc-lms\node_modules\@google-ai\generativelanguage\build\src\v1beta\retriever_service_client.d.ts","Issues Found","../../protos/protos","True"
"text_service_client.d.ts","UI Component","D:\cbtc-final\cbtc-lms\node_modules\@google-ai\generativelanguage\build\src\v1beta\text_service_client.d.ts","Issues Found","../../protos/protos","True"
"discuss_service_client.d.ts","UI Component","D:\cbtc-final\cbtc-lms\node_modules\@google-ai\generativelanguage\build\src\v1beta2\discuss_service_client.d.ts","Issues Found","../../protos/protos","True"
"index.d.ts","UI Component","D:\cbtc-final\cbtc-lms\node_modules\@google-ai\generativelanguage\build\src\v1beta2\index.d.ts","OK","","False"
"model_service_client.d.ts","UI Component","D:\cbtc-final\cbtc-lms\node_modules\@google-ai\generativelanguage\build\src\v1beta2\model_service_client.d.ts","Issues Found","../../protos/protos","True"
"text_service_client.d.ts","UI Component","D:\cbtc-final\cbtc-lms\node_modules\@google-ai\generativelanguage\build\src\v1beta2\text_service_client.d.ts","Issues Found","../../protos/protos","True"
"discuss_service_client.d.ts","UI Component","D:\cbtc-final\cbtc-lms\node_modules\@google-ai\generativelanguage\build\src\v1beta3\discuss_service_client.d.ts","Issues Found","../../protos/protos","True"
"index.d.ts","UI Component","D:\cbtc-final\cbtc-lms\node_modules\@google-ai\generativelanguage\build\src\v1beta3\index.d.ts","OK","","False"
"model_service_client.d.ts","UI Component","D:\cbtc-final\cbtc-lms\node_modules\@google-ai\generativelanguage\build\src\v1beta3\model_service_client.d.ts","Issues Found","../../protos/protos","True"
"permission_service_client.d.ts","UI Component","D:\cbtc-final\cbtc-lms\node_modules\@google-ai\generativelanguage\build\src\v1beta3\permission_service_client.d.ts","Issues Found","../../protos/protos","True"
"text_service_client.d.ts","UI Component","D:\cbtc-final\cbtc-lms\node_modules\@google-ai\generativelanguage\build\src\v1beta3\text_service_client.d.ts","Issues Found","../../protos/protos","True"
"index.d.ts","UI Component","D:\cbtc-final\cbtc-lms\node_modules\@google-ai\generativelanguage\build\src\index.d.ts","Issues Found","./v1; ./v1alpha; ./v1beta; ./v1beta2; ./v1beta3; ../protos/protos","True"
"Any.d.ts","UI Component","D:\cbtc-final\cbtc-lms\node_modules\@grpc\grpc-js\build\src\generated\google\protobuf\Any.d.ts","OK","","False"
"BoolValue.d.ts","UI Component","D:\cbtc-final\cbtc-lms\node_modules\@grpc\grpc-js\build\src\generated\google\protobuf\BoolValue.d.ts","OK","","False"
"BytesValue.d.ts","UI Component","D:\cbtc-final\cbtc-lms\node_modules\@grpc\grpc-js\build\src\generated\google\protobuf\BytesValue.d.ts","OK","","False"
"DescriptorProto.d.ts","UI Component","D:\cbtc-final\cbtc-lms\node_modules\@grpc\grpc-js\build\src\generated\google\protobuf\DescriptorProto.d.ts","Issues Found","../../google/protobuf/FieldDescriptorProto; ../../google/protobuf/DescriptorProto; ../../google/protobuf/EnumDescriptorProto; ../../google/protobuf/MessageOptions; ../../google/protobuf/OneofDescriptorProto; ../../google/protobuf/SymbolVisibility; ../../google/protobuf/ExtensionRangeOptions","True"
"DoubleValue.d.ts","UI Component","D:\cbtc-final\cbtc-lms\node_modules\@grpc\grpc-js\build\src\generated\google\protobuf\DoubleValue.d.ts","OK","","False"
"Duration.d.ts","UI Component","D:\cbtc-final\cbtc-lms\node_modules\@grpc\grpc-js\build\src\generated\google\protobuf\Duration.d.ts","OK","","False"
"Edition.d.ts","UI Component","D:\cbtc-final\cbtc-lms\node_modules\@grpc\grpc-js\build\src\generated\google\protobuf\Edition.d.ts","OK","","False"
"EnumDescriptorProto.d.ts","UI Component","D:\cbtc-final\cbtc-lms\node_modules\@grpc\grpc-js\build\src\generated\google\protobuf\EnumDescriptorProto.d.ts","Issues Found","../../google/protobuf/EnumValueDescriptorProto; ../../google/protobuf/EnumOptions; ../../google/protobuf/SymbolVisibility","True"
"EnumOptions.d.ts","UI Component","D:\cbtc-final\cbtc-lms\node_modules\@grpc\grpc-js\build\src\generated\google\protobuf\EnumOptions.d.ts","Issues Found","../../google/protobuf/FeatureSet; ../../google/protobuf/UninterpretedOption","True"
"EnumValueDescriptorProto.d.ts","UI Component","D:\cbtc-final\cbtc-lms\node_modules\@grpc\grpc-js\build\src\generated\google\protobuf\EnumValueDescriptorProto.d.ts","Issues Found","../../google/protobuf/EnumValueOptions","True"
"EnumValueOptions.d.ts","UI Component","D:\cbtc-final\cbtc-lms\node_modules\@grpc\grpc-js\build\src\generated\google\protobuf\EnumValueOptions.d.ts","Issues Found","../../google/protobuf/FeatureSet; ../../google/protobuf/FieldOptions; ../../google/protobuf/UninterpretedOption","True"
"ExtensionRangeOptions.d.ts","UI Component","D:\cbtc-final\cbtc-lms\node_modules\@grpc\grpc-js\build\src\generated\google\protobuf\ExtensionRangeOptions.d.ts","Issues Found","../../google/protobuf/FeatureSet; ../../google/protobuf/UninterpretedOption","True"
"FeatureSet.d.ts","UI Component","D:\cbtc-final\cbtc-lms\node_modules\@grpc\grpc-js\build\src\generated\google\protobuf\FeatureSet.d.ts","OK","","False"
"FeatureSetDefaults.d.ts","UI Component","D:\cbtc-final\cbtc-lms\node_modules\@grpc\grpc-js\build\src\generated\google\protobuf\FeatureSetDefaults.d.ts","Issues Found","../../google/protobuf/Edition; ../../google/protobuf/FeatureSet","True"
"FieldDescriptorProto.d.ts","UI Component","D:\cbtc-final\cbtc-lms\node_modules\@grpc\grpc-js\build\src\generated\google\protobuf\FieldDescriptorProto.d.ts","Issues Found","../../google/protobuf/FieldOptions","True"
"FieldOptions.d.ts","UI Component","D:\cbtc-final\cbtc-lms\node_modules\@grpc\grpc-js\build\src\generated\google\protobuf\FieldOptions.d.ts","Issues Found","../../google/protobuf/FeatureSet; ../../google/protobuf/UninterpretedOption; ../../validate/FieldRules; ../../google/protobuf/Edition","True"
"FileDescriptorProto.d.ts","UI Component","D:\cbtc-final\cbtc-lms\node_modules\@grpc\grpc-js\build\src\generated\google\protobuf\FileDescriptorProto.d.ts","Issues Found","../../google/protobuf/DescriptorProto; ../../google/protobuf/EnumDescriptorProto; ../../google/protobuf/ServiceDescriptorProto; ../../google/protobuf/FieldDescriptorProto; ../../google/protobuf/FileOptions; ../../google/protobuf/SourceCodeInfo; ../../google/protobuf/Edition","True"
"FileDescriptorSet.d.ts","UI Component","D:\cbtc-final\cbtc-lms\node_modules\@grpc\grpc-js\build\src\generated\google\protobuf\FileDescriptorSet.d.ts","Issues Found","../../google/protobuf/FileDescriptorProto","True"
"FileOptions.d.ts","UI Component","D:\cbtc-final\cbtc-lms\node_modules\@grpc\grpc-js\build\src\generated\google\protobuf\FileOptions.d.ts","Issues Found","../../google/protobuf/FeatureSet; ../../google/protobuf/UninterpretedOption","True"
"FloatValue.d.ts","UI Component","D:\cbtc-final\cbtc-lms\node_modules\@grpc\grpc-js\build\src\generated\google\protobuf\FloatValue.d.ts","OK","","False"
"GeneratedCodeInfo.d.ts","UI Component","D:\cbtc-final\cbtc-lms\node_modules\@grpc\grpc-js\build\src\generated\google\protobuf\GeneratedCodeInfo.d.ts","OK","","False"
"Int32Value.d.ts","UI Component","D:\cbtc-final\cbtc-lms\node_modules\@grpc\grpc-js\build\src\generated\google\protobuf\Int32Value.d.ts","OK","","False"
"Int64Value.d.ts","UI Component","D:\cbtc-final\cbtc-lms\node_modules\@grpc\grpc-js\build\src\generated\google\protobuf\Int64Value.d.ts","OK","","False"
"MessageOptions.d.ts","UI Component","D:\cbtc-final\cbtc-lms\node_modules\@grpc\grpc-js\build\src\generated\google\protobuf\MessageOptions.d.ts","Issues Found","../../google/protobuf/FeatureSet; ../../google/protobuf/UninterpretedOption","True"
"MethodDescriptorProto.d.ts","UI Component","D:\cbtc-final\cbtc-lms\node_modules\@grpc\grpc-js\build\src\generated\google\protobuf\MethodDescriptorProto.d.ts","Issues Found","../../google/protobuf/MethodOptions","True"
"MethodOptions.d.ts","UI Component","D:\cbtc-final\cbtc-lms\node_modules\@grpc\grpc-js\build\src\generated\google\protobuf\MethodOptions.d.ts","Issues Found","../../google/protobuf/FeatureSet; ../../google/protobuf/UninterpretedOption","True"
"OneofDescriptorProto.d.ts","UI Component","D:\cbtc-final\cbtc-lms\node_modules\@grpc\grpc-js\build\src\generated\google\protobuf\OneofDescriptorProto.d.ts","Issues Found","../../google/protobuf/OneofOptions","True"
"OneofOptions.d.ts","UI Component","D:\cbtc-final\cbtc-lms\node_modules\@grpc\grpc-js\build\src\generated\google\protobuf\OneofOptions.d.ts","Issues Found","../../google/protobuf/FeatureSet; ../../google/protobuf/UninterpretedOption","True"
"ServiceDescriptorProto.d.ts","UI Component","D:\cbtc-final\cbtc-lms\node_modules\@grpc\grpc-js\build\src\generated\google\protobuf\ServiceDescriptorProto.d.ts","Issues Found","../../google/protobuf/MethodDescriptorProto; ../../google/protobuf/ServiceOptions","True"
"ServiceOptions.d.ts","UI Component","D:\cbtc-final\cbtc-lms\node_modules\@grpc\grpc-js\build\src\generated\google\protobuf\ServiceOptions.d.ts","Issues Found","../../google/protobuf/FeatureSet; ../../google/protobuf/UninterpretedOption","True"
"SourceCodeInfo.d.ts","UI Component","D:\cbtc-final\cbtc-lms\node_modules\@grpc\grpc-js\build\src\generated\google\protobuf\SourceCodeInfo.d.ts","OK","","False"
"StringValue.d.ts","UI Component","D:\cbtc-final\cbtc-lms\node_modules\@grpc\grpc-js\build\src\generated\google\protobuf\StringValue.d.ts","OK","","False"
"SymbolVisibility.d.ts","UI Component","D:\cbtc-final\cbtc-lms\node_modules\@grpc\grpc-js\build\src\generated\google\protobuf\SymbolVisibility.d.ts","OK","","False"
"Timestamp.d.ts","UI Component","D:\cbtc-final\cbtc-lms\node_modules\@grpc\grpc-js\build\src\generated\google\protobuf\Timestamp.d.ts","OK","","False"
"UInt32Value.d.ts","UI Component","D:\cbtc-final\cbtc-lms\node_modules\@grpc\grpc-js\build\src\generated\google\protobuf\UInt32Value.d.ts","OK","","False"
"UInt64Value.d.ts","UI Component","D:\cbtc-final\cbtc-lms\node_modules\@grpc\grpc-js\build\src\generated\google\protobuf\UInt64Value.d.ts","OK","","False"
"UninterpretedOption.d.ts","UI Component","D:\cbtc-final\cbtc-lms\node_modules\@grpc\grpc-js\build\src\generated\google\protobuf\UninterpretedOption.d.ts","OK","","False"
"Address.d.ts","UI Component","D:\cbtc-final\cbtc-lms\node_modules\@grpc\grpc-js\build\src\generated\grpc\channelz\v1\Address.d.ts","Issues Found","../../../google/protobuf/Any","True"
"Channel.d.ts","UI Component","D:\cbtc-final\cbtc-lms\node_modules\@grpc\grpc-js\build\src\generated\grpc\channelz\v1\Channel.d.ts","Issues Found","../../../grpc/channelz/v1/ChannelRef; ../../../grpc/channelz/v1/ChannelData; ../../../grpc/channelz/v1/SubchannelRef; ../../../grpc/channelz/v1/SocketRef","True"
"ChannelConnectivityState.d.ts","UI Component","D:\cbtc-final\cbtc-lms\node_modules\@grpc\grpc-js\build\src\generated\grpc\channelz\v1\ChannelConnectivityState.d.ts","OK","","False"
"ChannelData.d.ts","UI Component","D:\cbtc-final\cbtc-lms\node_modules\@grpc\grpc-js\build\src\generated\grpc\channelz\v1\ChannelData.d.ts","Issues Found","../../../grpc/channelz/v1/ChannelConnectivityState; ../../../grpc/channelz/v1/ChannelTrace; ../../../google/protobuf/Timestamp","True"
"ChannelRef.d.ts","UI Component","D:\cbtc-final\cbtc-lms\node_modules\@grpc\grpc-js\build\src\generated\grpc\channelz\v1\ChannelRef.d.ts","OK","","False"
"ChannelTrace.d.ts","UI Component","D:\cbtc-final\cbtc-lms\node_modules\@grpc\grpc-js\build\src\generated\grpc\channelz\v1\ChannelTrace.d.ts","Issues Found","../../../google/protobuf/Timestamp; ../../../grpc/channelz/v1/ChannelTraceEvent","True"
"ChannelTraceEvent.d.ts","UI Component","D:\cbtc-final\cbtc-lms\node_modules\@grpc\grpc-js\build\src\generated\grpc\channelz\v1\ChannelTraceEvent.d.ts","Issues Found","../../../google/protobuf/Timestamp; ../../../grpc/channelz/v1/ChannelRef; ../../../grpc/channelz/v1/SubchannelRef","True"
"Channelz.d.ts","UI Component","D:\cbtc-final\cbtc-lms\node_modules\@grpc\grpc-js\build\src\generated\grpc\channelz\v1\Channelz.d.ts","Issues Found","../../../../index; ../../../grpc/channelz/v1/GetChannelRequest; ../../../grpc/channelz/v1/GetChannelResponse; ../../../grpc/channelz/v1/GetServerRequest; ../../../grpc/channelz/v1/GetServerResponse; ../../../grpc/channelz/v1/GetServerSocketsRequest; ../../../grpc/channelz/v1/GetServerSocketsResponse; ../../../grpc/channelz/v1/GetServersRequest; ../../../grpc/channelz/v1/GetServersResponse; ../../../grpc/channelz/v1/GetSocketRequest; ../../../grpc/channelz/v1/GetSocketResponse; ../../../grpc/channelz/v1/GetSubchannelRequest; ../../../grpc/channelz/v1/GetSubchannelResponse; ../../../grpc/channelz/v1/GetTopChannelsRequest; ../../../grpc/channelz/v1/GetTopChannelsResponse","True"
"GetChannelRequest.d.ts","UI Component","D:\cbtc-final\cbtc-lms\node_modules\@grpc\grpc-js\build\src\generated\grpc\channelz\v1\GetChannelRequest.d.ts","OK","","False"
"GetChannelResponse.d.ts","UI Component","D:\cbtc-final\cbtc-lms\node_modules\@grpc\grpc-js\build\src\generated\grpc\channelz\v1\GetChannelResponse.d.ts","Issues Found","../../../grpc/channelz/v1/Channel","True"
"GetServerRequest.d.ts","UI Component","D:\cbtc-final\cbtc-lms\node_modules\@grpc\grpc-js\build\src\generated\grpc\channelz\v1\GetServerRequest.d.ts","OK","","False"
"GetServerResponse.d.ts","UI Component","D:\cbtc-final\cbtc-lms\node_modules\@grpc\grpc-js\build\src\generated\grpc\channelz\v1\GetServerResponse.d.ts","Issues Found","../../../grpc/channelz/v1/Server","True"
"GetServerSocketsRequest.d.ts","UI Component","D:\cbtc-final\cbtc-lms\node_modules\@grpc\grpc-js\build\src\generated\grpc\channelz\v1\GetServerSocketsRequest.d.ts","OK","","False"
"GetServerSocketsResponse.d.ts","UI Component","D:\cbtc-final\cbtc-lms\node_modules\@grpc\grpc-js\build\src\generated\grpc\channelz\v1\GetServerSocketsResponse.d.ts","Issues Found","../../../grpc/channelz/v1/SocketRef","True"
"GetServersRequest.d.ts","UI Component","D:\cbtc-final\cbtc-lms\node_modules\@grpc\grpc-js\build\src\generated\grpc\channelz\v1\GetServersRequest.d.ts","OK","","False"
"GetServersResponse.d.ts","UI Component","D:\cbtc-final\cbtc-lms\node_modules\@grpc\grpc-js\build\src\generated\grpc\channelz\v1\GetServersResponse.d.ts","Issues Found","../../../grpc/channelz/v1/Server","True"
"GetSocketRequest.d.ts","UI Component","D:\cbtc-final\cbtc-lms\node_modules\@grpc\grpc-js\build\src\generated\grpc\channelz\v1\GetSocketRequest.d.ts","OK","","False"
"GetSocketResponse.d.ts","UI Component","D:\cbtc-final\cbtc-lms\node_modules\@grpc\grpc-js\build\src\generated\grpc\channelz\v1\GetSocketResponse.d.ts","Issues Found","../../../grpc/channelz/v1/Socket","True"
"GetSubchannelRequest.d.ts","UI Component","D:\cbtc-final\cbtc-lms\node_modules\@grpc\grpc-js\build\src\generated\grpc\channelz\v1\GetSubchannelRequest.d.ts","OK","","False"
"GetSubchannelResponse.d.ts","UI Component","D:\cbtc-final\cbtc-lms\node_modules\@grpc\grpc-js\build\src\generated\grpc\channelz\v1\GetSubchannelResponse.d.ts","Issues Found","../../../grpc/channelz/v1/Subchannel","True"
"GetTopChannelsRequest.d.ts","UI Component","D:\cbtc-final\cbtc-lms\node_modules\@grpc\grpc-js\build\src\generated\grpc\channelz\v1\GetTopChannelsRequest.d.ts","OK","","False"
"GetTopChannelsResponse.d.ts","UI Component","D:\cbtc-final\cbtc-lms\node_modules\@grpc\grpc-js\build\src\generated\grpc\channelz\v1\GetTopChannelsResponse.d.ts","Issues Found","../../../grpc/channelz/v1/Channel","True"
"Security.d.ts","UI Component","D:\cbtc-final\cbtc-lms\node_modules\@grpc\grpc-js\build\src\generated\grpc\channelz\v1\Security.d.ts","Issues Found","../../../google/protobuf/Any","True"
"Server.d.ts","UI Component","D:\cbtc-final\cbtc-lms\node_modules\@grpc\grpc-js\build\src\generated\grpc\channelz\v1\Server.d.ts","Issues Found","../../../grpc/channelz/v1/ServerRef; ../../../grpc/channelz/v1/ServerData; ../../../grpc/channelz/v1/SocketRef","True"
"ServerData.d.ts","UI Component","D:\cbtc-final\cbtc-lms\node_modules\@grpc\grpc-js\build\src\generated\grpc\channelz\v1\ServerData.d.ts","Issues Found","../../../grpc/channelz/v1/ChannelTrace; ../../../google/protobuf/Timestamp","True"
"ServerRef.d.ts","UI Component","D:\cbtc-final\cbtc-lms\node_modules\@grpc\grpc-js\build\src\generated\grpc\channelz\v1\ServerRef.d.ts","OK","","False"
"Socket.d.ts","UI Component","D:\cbtc-final\cbtc-lms\node_modules\@grpc\grpc-js\build\src\generated\grpc\channelz\v1\Socket.d.ts","Issues Found","../../../grpc/channelz/v1/SocketRef; ../../../grpc/channelz/v1/SocketData; ../../../grpc/channelz/v1/Address; ../../../grpc/channelz/v1/Security","True"
"SocketData.d.ts","UI Component","D:\cbtc-final\cbtc-lms\node_modules\@grpc\grpc-js\build\src\generated\grpc\channelz\v1\SocketData.d.ts","Issues Found","../../../google/protobuf/Timestamp; ../../../google/protobuf/Int64Value; ../../../grpc/channelz/v1/SocketOption","True"
"SocketOption.d.ts","UI Component","D:\cbtc-final\cbtc-lms\node_modules\@grpc\grpc-js\build\src\generated\grpc\channelz\v1\SocketOption.d.ts","Issues Found","../../../google/protobuf/Any","True"
"SocketOptionLinger.d.ts","UI Component","D:\cbtc-final\cbtc-lms\node_modules\@grpc\grpc-js\build\src\generated\grpc\channelz\v1\SocketOptionLinger.d.ts","Issues Found","../../../google/protobuf/Duration","True"
"SocketOptionTcpInfo.d.ts","UI Component","D:\cbtc-final\cbtc-lms\node_modules\@grpc\grpc-js\build\src\generated\grpc\channelz\v1\SocketOptionTcpInfo.d.ts","OK","","False"
"SocketOptionTimeout.d.ts","UI Component","D:\cbtc-final\cbtc-lms\node_modules\@grpc\grpc-js\build\src\generated\grpc\channelz\v1\SocketOptionTimeout.d.ts","Issues Found","../../../google/protobuf/Duration","True"
"SocketRef.d.ts","UI Component","D:\cbtc-final\cbtc-lms\node_modules\@grpc\grpc-js\build\src\generated\grpc\channelz\v1\SocketRef.d.ts","OK","","False"
"Subchannel.d.ts","UI Component","D:\cbtc-final\cbtc-lms\node_modules\@grpc\grpc-js\build\src\generated\grpc\channelz\v1\Subchannel.d.ts","Issues Found","../../../grpc/channelz/v1/SubchannelRef; ../../../grpc/channelz/v1/ChannelData; ../../../grpc/channelz/v1/ChannelRef; ../../../grpc/channelz/v1/SocketRef","True"
"SubchannelRef.d.ts","UI Component","D:\cbtc-final\cbtc-lms\node_modules\@grpc\grpc-js\build\src\generated\grpc\channelz\v1\SubchannelRef.d.ts","OK","","False"
"AnyRules.d.ts","UI Component","D:\cbtc-final\cbtc-lms\node_modules\@grpc\grpc-js\build\src\generated\validate\AnyRules.d.ts","OK","","False"
"BoolRules.d.ts","UI Component","D:\cbtc-final\cbtc-lms\node_modules\@grpc\grpc-js\build\src\generated\validate\BoolRules.d.ts","OK","","False"
"BytesRules.d.ts","UI Component","D:\cbtc-final\cbtc-lms\node_modules\@grpc\grpc-js\build\src\generated\validate\BytesRules.d.ts","OK","","False"
"DoubleRules.d.ts","UI Component","D:\cbtc-final\cbtc-lms\node_modules\@grpc\grpc-js\build\src\generated\validate\DoubleRules.d.ts","OK","","False"
"DurationRules.d.ts","UI Component","D:\cbtc-final\cbtc-lms\node_modules\@grpc\grpc-js\build\src\generated\validate\DurationRules.d.ts","Issues Found","../google/protobuf/Duration","True"
"EnumRules.d.ts","UI Component","D:\cbtc-final\cbtc-lms\node_modules\@grpc\grpc-js\build\src\generated\validate\EnumRules.d.ts","OK","","False"
"FieldRules.d.ts","UI Component","D:\cbtc-final\cbtc-lms\node_modules\@grpc\grpc-js\build\src\generated\validate\FieldRules.d.ts","Issues Found","../validate/FloatRules; ../validate/DoubleRules; ../validate/Int32Rules; ../validate/Int64Rules; ../validate/UInt32Rules; ../validate/UInt64Rules; ../validate/SInt32Rules; ../validate/SInt64Rules; ../validate/Fixed32Rules; ../validate/Fixed64Rules; ../validate/SFixed32Rules; ../validate/SFixed64Rules; ../validate/BoolRules; ../validate/StringRules; ../validate/BytesRules; ../validate/EnumRules; ../validate/MessageRules; ../validate/RepeatedRules; ../validate/MapRules; ../validate/AnyRules; ../validate/DurationRules; ../validate/TimestampRules","True"
"Fixed32Rules.d.ts","UI Component","D:\cbtc-final\cbtc-lms\node_modules\@grpc\grpc-js\build\src\generated\validate\Fixed32Rules.d.ts","OK","","False"
"Fixed64Rules.d.ts","UI Component","D:\cbtc-final\cbtc-lms\node_modules\@grpc\grpc-js\build\src\generated\validate\Fixed64Rules.d.ts","OK","","False"
"FloatRules.d.ts","UI Component","D:\cbtc-final\cbtc-lms\node_modules\@grpc\grpc-js\build\src\generated\validate\FloatRules.d.ts","OK","","False"
"Int32Rules.d.ts","UI Component","D:\cbtc-final\cbtc-lms\node_modules\@grpc\grpc-js\build\src\generated\validate\Int32Rules.d.ts","OK","","False"
"Int64Rules.d.ts","UI Component","D:\cbtc-final\cbtc-lms\node_modules\@grpc\grpc-js\build\src\generated\validate\Int64Rules.d.ts","OK","","False"
"KnownRegex.d.ts","UI Component","D:\cbtc-final\cbtc-lms\node_modules\@grpc\grpc-js\build\src\generated\validate\KnownRegex.d.ts","OK","","False"
"MapRules.d.ts","UI Component","D:\cbtc-final\cbtc-lms\node_modules\@grpc\grpc-js\build\src\generated\validate\MapRules.d.ts","Issues Found","../validate/FieldRules","True"
"MessageRules.d.ts","UI Component","D:\cbtc-final\cbtc-lms\node_modules\@grpc\grpc-js\build\src\generated\validate\MessageRules.d.ts","OK","","False"
"RepeatedRules.d.ts","UI Component","D:\cbtc-final\cbtc-lms\node_modules\@grpc\grpc-js\build\src\generated\validate\RepeatedRules.d.ts","Issues Found","../validate/FieldRules","True"
"SFixed32Rules.d.ts","UI Component","D:\cbtc-final\cbtc-lms\node_modules\@grpc\grpc-js\build\src\generated\validate\SFixed32Rules.d.ts","OK","","False"
"SFixed64Rules.d.ts","UI Component","D:\cbtc-final\cbtc-lms\node_modules\@grpc\grpc-js\build\src\generated\validate\SFixed64Rules.d.ts","OK","","False"
"SInt32Rules.d.ts","UI Component","D:\cbtc-final\cbtc-lms\node_modules\@grpc\grpc-js\build\src\generated\validate\SInt32Rules.d.ts","OK","","False"
"SInt64Rules.d.ts","UI Component","D:\cbtc-final\cbtc-lms\node_modules\@grpc\grpc-js\build\src\generated\validate\SInt64Rules.d.ts","OK","","False"
"StringRules.d.ts","UI Component","D:\cbtc-final\cbtc-lms\node_modules\@grpc\grpc-js\build\src\generated\validate\StringRules.d.ts","Issues Found","../validate/KnownRegex","True"
"TimestampRules.d.ts","UI Component","D:\cbtc-final\cbtc-lms\node_modules\@grpc\grpc-js\build\src\generated\validate\TimestampRules.d.ts","Issues Found","../google/protobuf/Timestamp; ../google/protobuf/Duration","True"
"UInt32Rules.d.ts","UI Component","D:\cbtc-final\cbtc-lms\node_modules\@grpc\grpc-js\build\src\generated\validate\UInt32Rules.d.ts","OK","","False"
"UInt64Rules.d.ts","UI Component","D:\cbtc-final\cbtc-lms\node_modules\@grpc\grpc-js\build\src\generated\validate\UInt64Rules.d.ts","OK","","False"
"OrcaLoadReport.d.ts","UI Component","D:\cbtc-final\cbtc-lms\node_modules\@grpc\grpc-js\build\src\generated\xds\data\orca\v3\OrcaLoadReport.d.ts","OK","","False"
"OpenRcaService.d.ts","UI Component","D:\cbtc-final\cbtc-lms\node_modules\@grpc\grpc-js\build\src\generated\xds\service\orca\v3\OpenRcaService.d.ts","Issues Found","../../../../../index; ../../../../xds/data/orca/v3/OrcaLoadReport; ../../../../xds/service/orca/v3/OrcaLoadReportRequest","True"
"OrcaLoadReportRequest.d.ts","UI Component","D:\cbtc-final\cbtc-lms\node_modules\@grpc\grpc-js\build\src\generated\xds\service\orca\v3\OrcaLoadReportRequest.d.ts","Issues Found","../../../../google/protobuf/Duration","True"
"channelz.d.ts","UI Component","D:\cbtc-final\cbtc-lms\node_modules\@grpc\grpc-js\build\src\generated\channelz.d.ts","Issues Found","../index; ./google/protobuf/Any; ./google/protobuf/BoolValue; ./google/protobuf/BytesValue; ./google/protobuf/DoubleValue; ./google/protobuf/Duration; ./google/protobuf/FloatValue; ./google/protobuf/Int32Value; ./google/protobuf/Int64Value; ./google/protobuf/StringValue; ./google/protobuf/Timestamp; ./google/protobuf/UInt32Value; ./google/protobuf/UInt64Value; ./grpc/channelz/v1/Address; ./grpc/channelz/v1/Channel; ./grpc/channelz/v1/ChannelConnectivityState; ./grpc/channelz/v1/ChannelData; ./grpc/channelz/v1/ChannelRef; ./grpc/channelz/v1/ChannelTrace; ./grpc/channelz/v1/ChannelTraceEvent; ./grpc/channelz/v1/Channelz; ./grpc/channelz/v1/GetChannelRequest; ./grpc/channelz/v1/GetChannelResponse; ./grpc/channelz/v1/GetServerRequest; ./grpc/channelz/v1/GetServerResponse; ./grpc/channelz/v1/GetServerSocketsRequest; ./grpc/channelz/v1/GetServerSocketsResponse; ./grpc/channelz/v1/GetServersRequest; ./grpc/channelz/v1/GetServersResponse; ./grpc/channelz/v1/GetSocketRequest; ./grpc/channelz/v1/GetSocketResponse; ./grpc/channelz/v1/GetSubchannelRequest; ./grpc/channelz/v1/GetSubchannelResponse; ./grpc/channelz/v1/GetTopChannelsRequest; ./grpc/channelz/v1/GetTopChannelsResponse; ./grpc/channelz/v1/Security; ./grpc/channelz/v1/Server; ./grpc/channelz/v1/ServerData; ./grpc/channelz/v1/ServerRef; ./grpc/channelz/v1/Socket; ./grpc/channelz/v1/SocketData; ./grpc/channelz/v1/SocketOption; ./grpc/channelz/v1/SocketOptionLinger; ./grpc/channelz/v1/SocketOptionTcpInfo; ./grpc/channelz/v1/SocketOptionTimeout; ./grpc/channelz/v1/SocketRef; ./grpc/channelz/v1/Subchannel; ./grpc/channelz/v1/SubchannelRef","True"
"orca.d.ts","UI Component","D:\cbtc-final\cbtc-lms\node_modules\@grpc\grpc-js\build\src\generated\orca.d.ts","Issues Found","../index; ./google/protobuf/DescriptorProto; ./google/protobuf/Duration; ./google/protobuf/EnumDescriptorProto; ./google/protobuf/EnumOptions; ./google/protobuf/EnumValueDescriptorProto; ./google/protobuf/EnumValueOptions; ./google/protobuf/ExtensionRangeOptions; ./google/protobuf/FeatureSet; ./google/protobuf/FeatureSetDefaults; ./google/protobuf/FieldDescriptorProto; ./google/protobuf/FieldOptions; ./google/protobuf/FileDescriptorProto; ./google/protobuf/FileDescriptorSet; ./google/protobuf/FileOptions; ./google/protobuf/GeneratedCodeInfo; ./google/protobuf/MessageOptions; ./google/protobuf/MethodDescriptorProto; ./google/protobuf/MethodOptions; ./google/protobuf/OneofDescriptorProto; ./google/protobuf/OneofOptions; ./google/protobuf/ServiceDescriptorProto; ./google/protobuf/ServiceOptions; ./google/protobuf/SourceCodeInfo; ./google/protobuf/Timestamp; ./google/protobuf/UninterpretedOption; ./validate/AnyRules; ./validate/BoolRules; ./validate/BytesRules; ./validate/DoubleRules; ./validate/DurationRules; ./validate/EnumRules; ./validate/FieldRules; ./validate/Fixed32Rules; ./validate/Fixed64Rules; ./validate/FloatRules; ./validate/Int32Rules; ./validate/Int64Rules; ./validate/MapRules; ./validate/MessageRules; ./validate/RepeatedRules; ./validate/SFixed32Rules; ./validate/SFixed64Rules; ./validate/SInt32Rules; ./validate/SInt64Rules; ./validate/StringRules; ./validate/TimestampRules; ./validate/UInt32Rules; ./validate/UInt64Rules; ./xds/data/orca/v3/OrcaLoadReport; ./xds/service/orca/v3/OpenRcaService; ./xds/service/orca/v3/OrcaLoadReportRequest","True"
"admin.d.ts","UI Component","D:\cbtc-final\cbtc-lms\node_modules\@grpc\grpc-js\build\src\admin.d.ts","Issues Found","./make-client; ./server","True"
"auth-context.d.ts","UI Component","D:\cbtc-final\cbtc-lms\node_modules\@grpc\grpc-js\build\src\auth-context.d.ts","OK","","False"
"backoff-timeout.d.ts","UI Component","D:\cbtc-final\cbtc-lms\node_modules\@grpc\grpc-js\build\src\backoff-timeout.d.ts","OK","","False"
"call-credentials.d.ts","UI Component","D:\cbtc-final\cbtc-lms\node_modules\@grpc\grpc-js\build\src\call-credentials.d.ts","Issues Found","./metadata","True"
"call-interface.d.ts","UI Component","D:\cbtc-final\cbtc-lms\node_modules\@grpc\grpc-js\build\src\call-interface.d.ts","Issues Found","./auth-context; ./call-credentials; ./constants; ./deadline; ./metadata; ./server-call","True"
"call-number.d.ts","UI Component","D:\cbtc-final\cbtc-lms\node_modules\@grpc\grpc-js\build\src\call-number.d.ts","OK","","False"
"call.d.ts","UI Component","D:\cbtc-final\cbtc-lms\node_modules\@grpc\grpc-js\build\src\call.d.ts","Issues Found","./call-interface; ./events; ./metadata; ./object-stream; ./client-interceptors; ./auth-context","True"
"certificate-provider.d.ts","UI Component","D:\cbtc-final\cbtc-lms\node_modules\@grpc\grpc-js\build\src\certificate-provider.d.ts","OK","","False"
"channel-credentials.d.ts","UI Component","D:\cbtc-final\cbtc-lms\node_modules\@grpc\grpc-js\build\src\channel-credentials.d.ts","Issues Found","./call-credentials; ./certificate-provider; ./channel-options; ./uri-parser","True"
"channel-options.d.ts","UI Component","D:\cbtc-final\cbtc-lms\node_modules\@grpc\grpc-js\build\src\channel-options.d.ts","Issues Found","./compression-algorithms","True"
"channel.d.ts","UI Component","D:\cbtc-final\cbtc-lms\node_modules\@grpc\grpc-js\build\src\channel.d.ts","Issues Found","./channel-credentials; ./channel-options; ./server-call; ./connectivity-state; ./channelz; ./call-interface; ./deadline","True"
"channelz.d.ts","UI Component","D:\cbtc-final\cbtc-lms\node_modules\@grpc\grpc-js\build\src\channelz.d.ts","Issues Found","./connectivity-state; ./generated/grpc/channelz/v1/ChannelTrace; ./subchannel-address; ./generated/grpc/channelz/v1/Channelz","True"
"client-interceptors.d.ts","UI Component","D:\cbtc-final\cbtc-lms\node_modules\@grpc\grpc-js\build\src\client-interceptors.d.ts","Issues Found","./metadata; ./call-interface; ./constants; ./channel; ./client; ./make-client; ./auth-context","True"
"client.d.ts","UI Component","D:\cbtc-final\cbtc-lms\node_modules\@grpc\grpc-js\build\src\client.d.ts","Issues Found","./call; ./call-credentials; ./channel; ./channel-credentials; ./channel-options; ./metadata; ./make-client; ./client-interceptors; ./server-call; ./deadline","True"
"compression-algorithms.d.ts","UI Component","D:\cbtc-final\cbtc-lms\node_modules\@grpc\grpc-js\build\src\compression-algorithms.d.ts","OK","","False"
"compression-filter.d.ts","UI Component","D:\cbtc-final\cbtc-lms\node_modules\@grpc\grpc-js\build\src\compression-filter.d.ts","Issues Found","./call-interface; ./channel; ./channel-options; ./filter; ./metadata","True"
"connectivity-state.d.ts","UI Component","D:\cbtc-final\cbtc-lms\node_modules\@grpc\grpc-js\build\src\connectivity-state.d.ts","OK","","False"
"constants.d.ts","UI Component","D:\cbtc-final\cbtc-lms\node_modules\@grpc\grpc-js\build\src\constants.d.ts","OK","","False"
"control-plane-status.d.ts","UI Component","D:\cbtc-final\cbtc-lms\node_modules\@grpc\grpc-js\build\src\control-plane-status.d.ts","Issues Found","./constants","True"
"deadline.d.ts","UI Component","D:\cbtc-final\cbtc-lms\node_modules\@grpc\grpc-js\build\src\deadline.d.ts","OK","","False"
"duration.d.ts","UI Component","D:\cbtc-final\cbtc-lms\node_modules\@grpc\grpc-js\build\src\duration.d.ts","OK","","False"
"environment.d.ts","UI Component","D:\cbtc-final\cbtc-lms\node_modules\@grpc\grpc-js\build\src\environment.d.ts","OK","","False"
"error.d.ts","UI Component","D:\cbtc-final\cbtc-lms\node_modules\@grpc\grpc-js\build\src\error.d.ts","OK","","False"
"events.d.ts","UI Component","D:\cbtc-final\cbtc-lms\node_modules\@grpc\grpc-js\build\src\events.d.ts","OK","","False"
"experimental.d.ts","UI Component","D:\cbtc-final\cbtc-lms\node_modules\@grpc\grpc-js\build\src\experimental.d.ts","OK","","False"
"filter-stack.d.ts","UI Component","D:\cbtc-final\cbtc-lms\node_modules\@grpc\grpc-js\build\src\filter-stack.d.ts","Issues Found","./call-interface; ./filter; ./metadata","True"
"filter.d.ts","UI Component","D:\cbtc-final\cbtc-lms\node_modules\@grpc\grpc-js\build\src\filter.d.ts","Issues Found","./call-interface; ./metadata","True"
"http_proxy.d.ts","UI Component","D:\cbtc-final\cbtc-lms\node_modules\@grpc\grpc-js\build\src\http_proxy.d.ts","Issues Found","./subchannel-address; ./channel-options; ./uri-parser","True"
"index.d.ts","UI Component","D:\cbtc-final\cbtc-lms\node_modules\@grpc\grpc-js\build\src\index.d.ts","Issues Found","./call; ./call-credentials; ./call-interface; ./channel; ./compression-algorithms; ./connectivity-state; ./channel-credentials; ./client; ./constants; ./make-client; ./metadata; ./server; ./server-credentials; ./status-builder; ./server-call; ./experimental; ./deadline","True"
"internal-channel.d.ts","UI Component","D:\cbtc-final\cbtc-lms\node_modules\@grpc\grpc-js\build\src\internal-channel.d.ts","Issues Found","./channel-credentials; ./channel-options; ./picker; ./metadata; ./resolver; ./server-call; ./connectivity-state; ./channelz; ./load-balancing-call; ./call-credentials; ./call-interface; ./deadline; ./resolving-call; ./retrying-call; ./subchannel-interface","True"
"load-balancer-child-handler.d.ts","UI Component","D:\cbtc-final\cbtc-lms\node_modules\@grpc\grpc-js\build\src\load-balancer-child-handler.d.ts","Issues Found","./load-balancer; ./subchannel-address; ./channel-options; ./call-interface","True"
"load-balancer-outlier-detection.d.ts","UI Component","D:\cbtc-final\cbtc-lms\node_modules\@grpc\grpc-js\build\src\load-balancer-outlier-detection.d.ts","Issues Found","./channel-options; ./duration; ./experimental; ./load-balancer; ./subchannel-address; ./service-config; ./call-interface","True"
"load-balancer-pick-first.d.ts","UI Component","D:\cbtc-final\cbtc-lms\node_modules\@grpc\grpc-js\build\src\load-balancer-pick-first.d.ts","Issues Found","./load-balancer; ./connectivity-state; ./picker; ./subchannel-address; ./channel-options; ./call-interface","True"
"load-balancer-round-robin.d.ts","UI Component","D:\cbtc-final\cbtc-lms\node_modules\@grpc\grpc-js\build\src\load-balancer-round-robin.d.ts","Issues Found","./load-balancer; ./subchannel-address; ./channel-options; ./call-interface","True"
"load-balancer-weighted-round-robin.d.ts","UI Component","D:\cbtc-final\cbtc-lms\node_modules\@grpc\grpc-js\build\src\load-balancer-weighted-round-robin.d.ts","Issues Found","./load-balancer","True"
"load-balancer.d.ts","UI Component","D:\cbtc-final\cbtc-lms\node_modules\@grpc\grpc-js\build\src\load-balancer.d.ts","Issues Found","./channel-options; ./subchannel-address; ./connectivity-state; ./picker; ./channelz; ./subchannel-interface; ./service-config; ./call-interface","True"
"load-balancing-call.d.ts","UI Component","D:\cbtc-final\cbtc-lms\node_modules\@grpc\grpc-js\build\src\load-balancing-call.d.ts","Issues Found","./call-credentials; ./call-interface; ./constants; ./deadline; ./internal-channel; ./metadata; ./resolver; ./auth-context","True"
"logging.d.ts","UI Component","D:\cbtc-final\cbtc-lms\node_modules\@grpc\grpc-js\build\src\logging.d.ts","Issues Found","./constants","True"
"make-client.d.ts","UI Component","D:\cbtc-final\cbtc-lms\node_modules\@grpc\grpc-js\build\src\make-client.d.ts","Issues Found","./channel-credentials; ./channel-options; ./client; ./server","True"
"metadata.d.ts","UI Component","D:\cbtc-final\cbtc-lms\node_modules\@grpc\grpc-js\build\src\metadata.d.ts","OK","","False"
"object-stream.d.ts","UI Component","D:\cbtc-final\cbtc-lms\node_modules\@grpc\grpc-js\build\src\object-stream.d.ts","Issues Found","./events","True"
"orca.d.ts","UI Component","D:\cbtc-final\cbtc-lms\node_modules\@grpc\grpc-js\build\src\orca.d.ts","Issues Found","./generated/xds/data/orca/v3/OrcaLoadReport; ./generated/xds/service/orca/v3/OpenRcaService; ./server; ./channel; ./picker; ./subchannel-interface","True"
"picker.d.ts","UI Component","D:\cbtc-final\cbtc-lms\node_modules\@grpc\grpc-js\build\src\picker.d.ts","Issues Found","./call-interface; ./metadata; ./constants; ./load-balancer; ./subchannel-interface","True"
"priority-queue.d.ts","UI Component","D:\cbtc-final\cbtc-lms\node_modules\@grpc\grpc-js\build\src\priority-queue.d.ts","OK","","False"
"resolver-dns.d.ts","UI Component","D:\cbtc-final\cbtc-lms\node_modules\@grpc\grpc-js\build\src\resolver-dns.d.ts","OK","","False"
"resolver-ip.d.ts","UI Component","D:\cbtc-final\cbtc-lms\node_modules\@grpc\grpc-js\build\src\resolver-ip.d.ts","OK","","False"
"resolver-uds.d.ts","UI Component","D:\cbtc-final\cbtc-lms\node_modules\@grpc\grpc-js\build\src\resolver-uds.d.ts","OK","","False"
"resolver.d.ts","UI Component","D:\cbtc-final\cbtc-lms\node_modules\@grpc\grpc-js\build\src\resolver.d.ts","Issues Found","./service-config; ./call-interface; ./subchannel-address; ./uri-parser; ./channel-options; ./metadata; ./constants; ./filter","True"
"resolving-call.d.ts","UI Component","D:\cbtc-final\cbtc-lms\node_modules\@grpc\grpc-js\build\src\resolving-call.d.ts","Issues Found","./call-credentials; ./call-interface; ./constants; ./filter-stack; ./internal-channel; ./metadata; ./auth-context","True"
"resolving-load-balancer.d.ts","UI Component","D:\cbtc-final\cbtc-lms\node_modules\@grpc\grpc-js\build\src\resolving-load-balancer.d.ts","Issues Found","./load-balancer; ./service-config; ./resolver; ./call-interface; ./subchannel-address; ./uri-parser; ./channel-options","True"
"retrying-call.d.ts","UI Component","D:\cbtc-final\cbtc-lms\node_modules\@grpc\grpc-js\build\src\retrying-call.d.ts","Issues Found","./call-credentials; ./constants; ./deadline; ./metadata; ./resolver; ./call-interface; ./internal-channel; ./auth-context","True"
"server-call.d.ts","UI Component","D:\cbtc-final\cbtc-lms\node_modules\@grpc\grpc-js\build\src\server-call.d.ts","Issues Found","./make-client; ./metadata; ./object-stream; ./call-interface; ./deadline; ./server-interceptors; ./auth-context; ./orca","True"
"server-credentials.d.ts","UI Component","D:\cbtc-final\cbtc-lms\node_modules\@grpc\grpc-js\build\src\server-credentials.d.ts","Issues Found",".; ./certificate-provider","True"
"server-interceptors.d.ts","UI Component","D:\cbtc-final\cbtc-lms\node_modules\@grpc\grpc-js\build\src\server-interceptors.d.ts","Issues Found","./call-interface; ./make-client; ./metadata; ./channel-options; ./server-call; ./deadline; ./transport; ./auth-context; ./orca","True"
